用户编号,年龄,性别,居住类型,编号,每月支出,是否愿意下载
0,,男,城市,0,6807.5,Yes
1,30.0,男,城市,1,4780.45,Yes
3,-3.2,男,农村,3,5011.06,Yes
5,-1.0,男,农村,5,4899.04,No
10,23.0,男,城市,10,6816.02,No
11,-2.4,男,城市,11,7746.9,Yes
16,21.0,男,城市,16,6614.63,No
17,45.0,男,城市,17,1367.59,No
18,32.0,男,,18,4669.89,Yes
19,29.0,男,城市,19,4167.54,Yes
22,39.0,男,农村,22,3833.15,Yes
23,27.0,男,农村,23,2175.4,Yes
27,21.0,男,农村,27,3770.55,
28,20.0,男,城市,28,4199.17,No
30,28.0,男,城市,30,4746.43,Yes
33,18.0,男,农村,33,2536.95,No
34,37.0,男,城市,34,3514.18,Yes
37,19.0,男,城市,37,7364.04,No
40,23.0,男,农村,40,7904.88,No
42,35.0,男,农村,42,8440.5,Yes
43,15.0,男,城市,43,5483.03,Yes
45,-5.0,男,城市,45,4216.77,Yes
49,31.0,男,城市,49,3896.81,Yes
52,45.0,男,城市,52,2106.91,No
53,22.0,男,城市,53,2538.79,No
56,24.0,男,城市,56,4929.88,Yes
57,30.0,男,,57,208.92,Yes
59,31.0,男,城市,59,1067.09,Yes
60,16.0,男,城市,60,7494.07,No
65,33.0,男,城市,65,3485.74,Yes
67,32.0,男,城市,67,4418.43,Yes
71,23.0,男,城市,71,6131.77,Yes
73,15.0,男,城市,73,5384.39,No
75,26.0,男,城市,75,1208.81,No
76,18.0,男,城市,76,3886.6,No
77,41.0,男,城市,77,2753.24,Yes
80,17.0,男,城市,80,5162.9,Yes
81,,男,城市,81,2427.06,Yes
82,24.0,男,城市,82,2576.74,No
83,18.0,男,城市,83,3238.73,No
88,17.0,男,城市,88,3615.07,No
94,32.0,男,城市,94,4025.2,Yes
95,39.0,男,城市,95,6521.17,Yes
97,22.0,男,农村,97,2628.51,No
98,30.0,男,农村,98,5556.37,Yes
100,24.0,男,城市,100,1772.32,No
102,18.0,男,城市,102,5989.27,No
104,26.0,男,城市,104,7371.39,No
106,35.0,男,城市,106,4782.87,Yes
108,33.0,男,城市,108,3917.6,Yes
109,15.0,男,农村,109,2957.0,Yes
110,26.0,男,城市,110,5282.69,No
113,44.0,男,城市,113,4321.45,Yes
114,29.0,男,农村,114,5387.38,Yes
115,33.0,男,农村,115,440.74,
117,17.0,男,城市,117,3272.62,Yes
118,45.0,男,城市,118,4794.37,No
119,30.0,男,城市,119,2083.41,Yes
120,34.0,男,城市,120,6170.31,Yes
122,20.0,男,城市,122,2927.87,Yes
123,,男,农村,123,3787.52,Yes
124,41.0,男,城市,124,8274.91,Yes
125,44.0,男,城市,125,5100.21,Yes
127,23.0,男,城市,127,3861.88,Yes
128,25.0,男,城市,128,2707.58,Yes
130,40.0,男,城市,130,5664.76,Yes
133,26.0,男,城市,133,5620.43,No
134,17.0,男,城市,134,6740.52,
136,40.0,男,城市,136,2402.69,Yes
138,23.0,男,城市,138,5980.93,No
142,40.0,男,农村,142,3196.0,Yes
143,19.0,男,城市,143,2592.37,No
145,42.0,男,城市,145,2798.93,Yes
148,39.0,男,城市,148,10084.04,Yes
153,41.0,男,农村,153,3029.24,Yes
154,28.0,男,城市,154,6977.22,Yes
155,42.0,男,城市,155,6723.02,Yes
157,26.0,男,城市,157,967.75,No
158,38.0,男,,158,1719.85,Yes
161,29.0,男,农村,161,7915.4,Yes
168,34.0,男,城市,168,4388.73,
169,37.0,男,城市,169,2320.17,Yes
170,23.0,男,城市,170,1452.66,Yes
171,40.0,男,,171,6881.56,Yes
174,21.0,男,城市,174,3368.35,Yes
177,27.0,男,农村,177,3828.67,No
179,21.0,男,农村,179,2963.11,No
180,36.0,男,城市,180,7937.64,Yes
181,36.0,男,城市,181,2467.61,Yes
182,26.0,男,城市,182,1025.59,No
183,40.0,男,城市,183,9718.42,Yes
185,29.0,男,农村,185,3940.27,Yes
187,31.0,男,,187,3731.47,Yes
190,45.0,男,城市,190,6082.02,No
191,37.0,男,城市,191,7008.82,Yes
193,18.0,男,农村,193,7061.07,No
194,43.0,男,农村,194,3883.65,Yes
195,17.0,男,城市,195,3852.39,No
196,37.0,男,农村,196,3316.41,Yes
199,45.0,男,城市,199,2120.25,No
203,23.0,男,农村,203,3657.06,No
204,27.0,男,城市,204,7058.26,No
206,34.0,男,农村,206,1317.96,Yes
207,22.0,男,农村,207,5874.34,Yes
210,43.0,男,农村,210,6785.22,Yes
213,35.0,男,城市,213,2006.46,Yes
217,18.0,男,城市,217,4974.23,No
218,34.0,男,城市,218,6276.04,Yes
221,35.0,男,城市,221,623.4,Yes
223,24.0,男,城市,223,5043.46,
224,44.0,男,农村,224,3003.24,Yes
225,39.0,男,农村,225,8826.77,Yes
229,34.0,男,农村,229,3367.51,Yes
230,41.0,男,城市,230,1575.42,Yes
239,42.0,男,城市,239,3127.41,Yes
240,15.0,男,城市,240,4987.55,No
242,25.0,男,城市,242,3818.68,
243,16.0,男,城市,243,2418.2,No
244,19.0,男,城市,244,6298.08,No
246,28.0,男,城市,246,656.78,Yes
248,20.0,男,城市,248,3082.87,No
249,18.0,男,农村,249,2219.98,No
250,45.0,男,城市,250,5074.94,Yes
253,28.0,男,城市,253,1917.87,Yes
254,25.0,男,城市,254,4954.17,No
255,27.0,男,城市,255,8099.41,No
256,23.0,男,城市,256,3377.29,No
258,45.0,男,农村,258,6701.63,No
261,25.0,男,城市,261,5539.75,No
263,17.0,男,农村,263,4956.63,
264,42.0,男,城市,264,4121.96,Yes
265,33.0,男,城市,265,6125.09,Yes
269,40.0,男,城市,269,6831.42,Yes
271,21.0,男,农村,271,789.6,Yes
272,44.0,男,农村,272,5756.95,Yes
273,45.0,男,城市,273,6815.61,No
276,38.0,男,城市,276,3568.94,Yes
280,24.0,男,城市,280,4998.16,No
281,32.0,男,城市,281,2592.36,Yes
283,34.0,男,城市,283,4145.78,Yes
284,33.0,男,城市,284,3724.62,Yes
286,19.0,男,农村,286,3739.26,No
287,41.0,男,城市,287,427.19,Yes
293,40.0,男,城市,293,2956.82,Yes
300,43.0,男,城市,300,4172.46,Yes
301,21.0,男,农村,301,991.16,No
302,33.0,男,城市,302,5450.98,Yes
304,44.0,男,城市,304,6038.43,Yes
305,43.0,男,城市,305,4411.0,Yes
307,23.0,男,城市,307,7739.66,Yes
308,23.0,男,城市,308,4894.16,No
309,16.0,男,城市,309,974.07,No
311,33.0,男,城市,311,3824.86,Yes
314,21.0,男,城市,314,5982.11,Yes
320,16.0,男,城市,320,4198.58,No
327,44.0,男,农村,327,4192.64,Yes
328,35.0,男,农村,328,6175.32,Yes
329,37.0,男,农村,329,4774.33,
337,39.0,男,城市,337,4414.3,Yes
338,19.0,男,农村,338,4890.42,No
339,36.0,男,农村,339,6324.37,Yes
340,35.0,男,农村,340,3927.47,Yes
341,39.0,男,城市,341,2699.68,Yes
342,27.0,男,农村,342,7716.98,No
345,31.0,男,城市,345,4661.96,Yes
346,40.0,男,城市,346,7310.21,Yes
348,27.0,男,城市,348,6638.37,No
352,25.0,男,城市,352,6068.04,No
353,40.0,男,城市,353,4867.66,Yes
355,22.0,男,城市,355,263.04,No
357,32.0,男,农村,357,3337.27,Yes
360,43.0,男,城市,360,5581.43,Yes
361,33.0,男,城市,361,4727.37,
367,25.0,男,城市,367,2231.61,Yes
369,24.0,男,城市,369,1858.78,No
372,45.0,男,城市,372,5434.01,No
376,31.0,男,城市,376,1353.77,Yes
379,35.0,男,城市,379,1634.61,Yes
380,31.0,男,农村,380,3635.42,Yes
382,38.0,男,农村,382,5889.28,Yes
384,33.0,男,城市,384,3590.08,Yes
386,44.0,男,城市,386,4625.29,Yes
389,22.0,男,农村,389,1770.38,No
392,18.0,男,城市,392,5799.81,No
394,23.0,男,农村,394,5797.75,No
396,33.0,男,城市,396,6690.67,Yes
398,42.0,男,城市,398,7192.86,Yes
400,23.0,男,城市,400,2006.36,No
402,32.0,男,城市,402,962.39,Yes
404,37.0,男,城市,404,8045.02,Yes
407,17.0,男,农村,407,6324.93,No
411,40.0,男,城市,411,8394.92,Yes
413,25.0,男,农村,413,3055.99,No
415,20.0,男,城市,415,9525.06,No
417,34.0,男,农村,417,3568.56,Yes
418,42.0,男,农村,418,6561.23,Yes
420,45.0,男,城市,420,1365.46,No
421,30.0,男,农村,421,4252.72,Yes
422,24.0,男,城市,422,2929.7,No
423,17.0,男,城市,423,5438.75,Yes
425,39.0,男,城市,425,1292.92,Yes
426,37.0,男,农村,426,6420.43,Yes
428,20.0,男,城市,428,4314.5,No
432,22.0,男,农村,432,1035.36,No
433,37.0,男,城市,433,6697.46,Yes
435,44.0,男,城市,435,3963.35,Yes
441,26.0,男,城市,441,4179.24,No
443,15.0,男,农村,443,2526.58,No
445,33.0,男,城市,445,3287.06,Yes
446,30.0,男,城市,446,5902.5,Yes
447,19.0,男,城市,447,2124.0,No
454,36.0,男,城市,454,5223.42,Yes
456,45.0,男,城市,456,6294.57,No
458,22.0,男,农村,458,6054.53,No
460,42.0,男,城市,460,7463.29,Yes
461,34.0,男,城市,461,3744.08,Yes
465,36.0,男,城市,465,6492.26,Yes
468,34.0,男,城市,468,6635.87,Yes
469,20.0,男,城市,469,9590.48,No
470,34.0,男,城市,470,5656.42,Yes
473,34.0,男,城市,473,6193.73,Yes
475,21.0,男,城市,475,7902.06,No
476,27.0,男,农村,476,4862.0,No
478,45.0,男,城市,478,1885.88,No
479,27.0,男,城市,479,5284.32,No
484,26.0,男,城市,484,7011.74,Yes
485,28.0,男,城市,485,4035.07,Yes
488,40.0,男,城市,488,3883.57,Yes
490,29.0,男,农村,490,2395.44,Yes
493,16.0,男,城市,493,7224.62,No
499,41.0,男,农村,499,4748.89,Yes
500,22.0,男,城市,500,652.07,No
505,41.0,男,城市,505,2829.74,Yes
506,23.0,男,农村,506,4597.5,No
507,27.0,男,农村,507,4583.92,No
510,31.0,男,城市,510,6449.43,Yes
511,31.0,男,城市,511,5235.53,Yes
512,22.0,男,城市,512,2071.96,No
513,21.0,男,农村,513,6048.24,No
515,40.0,男,城市,515,6127.06,Yes
517,44.0,男,城市,517,1885.1,Yes
519,26.0,男,城市,519,5631.4,No
522,18.0,男,城市,522,7841.27,No
524,27.0,男,城市,524,6737.35,Yes
525,29.0,男,城市,525,2471.25,Yes
526,38.0,男,城市,526,5416.85,Yes
527,29.0,男,城市,527,4577.92,Yes
528,22.0,男,城市,528,3999.79,No
533,21.0,男,城市,533,2253.67,No
535,39.0,男,农村,535,8120.87,Yes
536,34.0,男,城市,536,4058.52,Yes
538,29.0,男,城市,538,6718.96,Yes
540,28.0,男,农村,540,3351.34,Yes
552,18.0,男,城市,552,408.59,No
553,23.0,男,城市,553,4502.09,No
558,29.0,男,农村,558,4673.74,Yes
559,33.0,男,城市,559,7127.05,Yes
567,19.0,男,城市,567,5699.88,No
570,36.0,男,城市,570,1280.91,Yes
574,45.0,男,城市,574,6090.48,No
575,26.0,男,农村,575,4447.94,Yes
578,42.0,男,农村,578,7145.21,Yes
579,22.0,男,城市,579,4250.74,No
582,37.0,男,农村,582,2313.93,Yes
588,20.0,男,城市,588,6555.11,No
590,16.0,男,城市,590,3910.14,No
595,19.0,男,城市,595,7810.44,No
597,37.0,男,城市,597,5655.22,Yes
602,33.0,男,城市,602,1617.95,Yes
603,40.0,男,城市,603,5815.99,Yes
605,20.0,男,城市,605,3770.5,No
607,45.0,男,城市,607,7769.35,No
611,25.0,男,农村,611,4954.88,No
612,30.0,男,城市,612,8049.7,Yes
613,21.0,男,城市,613,336.96,No
614,43.0,男,农村,614,3935.24,Yes
615,27.0,男,城市,615,6934.28,No
621,27.0,男,城市,621,6819.7,No
623,41.0,男,农村,623,3448.51,Yes
624,27.0,男,城市,624,2425.19,No
627,36.0,男,城市,627,3691.12,Yes
629,33.0,男,城市,629,5184.92,Yes
631,17.0,男,城市,631,4215.09,Yes
635,24.0,男,城市,635,6023.2,Yes
638,17.0,男,农村,638,2387.2,No
639,20.0,男,城市,639,2855.2,No
642,39.0,男,城市,642,4888.35,Yes
645,35.0,男,城市,645,6036.04,Yes
649,20.0,男,城市,649,2487.42,No
652,20.0,男,城市,652,868.88,Yes
655,15.0,男,农村,655,1257.58,No
657,21.0,男,城市,657,4533.06,No
658,17.0,男,城市,658,3132.82,No
660,38.0,男,城市,660,3014.34,Yes
663,38.0,男,城市,663,4472.52,Yes
666,43.0,男,城市,666,5192.86,Yes
667,27.0,男,城市,667,5835.85,No
670,44.0,男,城市,670,4749.71,Yes
672,43.0,男,城市,672,8025.25,Yes
676,16.0,男,农村,676,2776.02,No
677,41.0,男,城市,677,3996.86,Yes
678,45.0,男,城市,678,8234.06,Yes
679,43.0,男,城市,679,6068.89,Yes
685,38.0,男,城市,685,4534.39,Yes
686,16.0,男,农村,686,5248.0,No
689,34.0,男,城市,689,3544.72,Yes
690,32.0,男,城市,690,3792.71,Yes
691,15.0,男,城市,691,5715.11,No
697,43.0,男,城市,697,1293.95,Yes
699,23.0,男,城市,699,4831.05,No
700,24.0,男,城市,700,4262.11,Yes
702,25.0,男,城市,702,11050.38,No
705,42.0,男,城市,705,3894.93,Yes
706,23.0,男,城市,706,2960.71,No
708,18.0,男,农村,708,4983.3,Yes
710,34.0,男,城市,710,2565.82,Yes
711,36.0,男,城市,711,5759.33,Yes
714,23.0,男,城市,714,3692.02,No
716,15.0,男,城市,716,1612.74,No
717,32.0,男,城市,717,3633.56,Yes
719,27.0,男,城市,719,6325.43,Yes
727,17.0,男,城市,727,5724.41,No
728,26.0,男,农村,728,2631.69,No
731,18.0,男,城市,731,6981.7,No
732,37.0,男,农村,732,3232.2,Yes
733,42.0,男,城市,733,2941.56,Yes
734,34.0,男,城市,734,6822.61,Yes
739,36.0,男,农村,739,4988.2,Yes
741,27.0,男,城市,741,3192.29,Yes
743,34.0,男,城市,743,2817.91,Yes
747,44.0,男,城市,747,5871.23,Yes
748,34.0,男,农村,748,4578.87,Yes
750,40.0,男,城市,750,1474.84,Yes
751,43.0,男,城市,751,5471.64,Yes
753,40.0,男,城市,753,4918.64,Yes
755,15.0,男,城市,755,5333.12,No
757,25.0,男,农村,757,4983.99,No
759,27.0,男,城市,759,6442.08,No
761,27.0,男,城市,761,4708.45,No
762,19.0,男,城市,762,10592.47,No
763,37.0,男,城市,763,2281.99,Yes
765,19.0,男,城市,765,7725.72,No
767,28.0,男,城市,767,6111.85,Yes
769,42.0,男,城市,769,7592.59,Yes
770,43.0,男,城市,770,4061.48,Yes
772,41.0,男,城市,772,4461.47,Yes
774,45.0,男,城市,774,4105.3,No
777,22.0,男,城市,777,8307.18,No
779,38.0,男,城市,779,5438.84,Yes
780,45.0,男,城市,780,2954.6,Yes
784,44.0,男,城市,784,3303.22,Yes
785,36.0,男,农村,785,5914.06,Yes
787,44.0,男,城市,787,3816.16,Yes
788,33.0,男,农村,788,5605.11,Yes
789,18.0,男,城市,789,7395.25,No
790,33.0,男,城市,790,3634.09,Yes
794,32.0,男,城市,794,8046.48,Yes
796,23.0,男,农村,796,6092.63,No
797,40.0,男,城市,797,5582.9,Yes
798,38.0,男,城市,798,2572.67,Yes
802,18.0,男,城市,802,4056.27,No
804,34.0,男,农村,804,6140.72,Yes
806,43.0,男,农村,806,2987.89,Yes
809,23.0,男,城市,809,2072.91,No
810,32.0,男,城市,810,3336.92,Yes
813,23.0,男,城市,813,3795.89,No
814,16.0,男,城市,814,5533.0,No
815,41.0,男,城市,815,5496.87,Yes
816,38.0,男,城市,816,5321.61,Yes
818,22.0,男,城市,818,1160.01,Yes
823,34.0,男,农村,823,3268.6,Yes
824,43.0,男,城市,824,4179.24,Yes
826,29.0,男,城市,826,3619.67,Yes
827,43.0,男,城市,827,8723.88,Yes
829,26.0,男,农村,829,4869.67,No
831,38.0,男,城市,831,2355.43,Yes
833,34.0,男,城市,833,3581.94,Yes
836,39.0,男,城市,836,4540.97,Yes
837,31.0,男,城市,837,4323.9,Yes
839,19.0,男,城市,839,5154.45,No
841,29.0,男,城市,841,5534.27,Yes
842,31.0,男,农村,842,5789.38,Yes
845,28.0,男,农村,845,9325.2,Yes
846,43.0,男,城市,846,9440.2,Yes
850,17.0,男,农村,850,3052.58,No
854,33.0,男,城市,854,2961.61,Yes
856,43.0,男,城市,856,4325.78,Yes
858,23.0,男,农村,858,5152.57,No
859,23.0,男,城市,859,3664.8,Yes
860,41.0,男,农村,860,4328.9,Yes
861,28.0,男,城市,861,3310.76,Yes
862,34.0,男,城市,862,2277.52,Yes
864,45.0,男,城市,864,1730.28,Yes
865,19.0,男,农村,865,8777.1,Yes
868,39.0,男,城市,868,3580.79,Yes
869,33.0,男,城市,869,1799.72,Yes
870,31.0,男,农村,870,2199.09,Yes
872,37.0,男,城市,872,2050.71,Yes
874,38.0,男,城市,874,7329.87,Yes
876,22.0,男,农村,876,6665.31,Yes
878,35.0,男,城市,878,4968.9,Yes
879,24.0,男,城市,879,6142.52,Yes
883,41.0,男,城市,883,7835.46,Yes
885,27.0,男,城市,885,3131.52,No
887,18.0,男,城市,887,2966.29,Yes
888,37.0,男,城市,888,5668.42,Yes
890,43.0,男,城市,890,3205.78,Yes
895,43.0,男,农村,895,9423.7,Yes
897,45.0,男,农村,897,6885.8,No
898,45.0,男,农村,898,4583.46,Yes
903,39.0,男,城市,903,5948.74,Yes
905,30.0,男,城市,905,1920.74,Yes
906,35.0,男,城市,906,1418.0,Yes
908,34.0,男,城市,908,5969.08,Yes
910,21.0,男,农村,910,7197.78,No
912,44.0,男,城市,912,5339.37,Yes
913,38.0,男,农村,913,3950.55,Yes
914,44.0,男,城市,914,6220.81,Yes
916,33.0,男,城市,916,4478.05,Yes
918,40.0,男,城市,918,3840.39,Yes
919,29.0,男,城市,919,5615.62,Yes
920,27.0,男,城市,920,4137.53,Yes
922,29.0,男,城市,922,4767.54,Yes
924,15.0,男,城市,924,4217.26,No
931,33.0,男,城市,931,6917.38,Yes
933,22.0,男,城市,933,4603.17,No
934,20.0,男,城市,934,5219.62,No
936,16.0,男,城市,936,5030.78,Yes
937,25.0,男,城市,937,8973.68,No
939,35.0,男,城市,939,4334.03,Yes
945,35.0,男,城市,945,7691.6,Yes
946,17.0,男,农村,946,4336.54,No
949,16.0,男,城市,949,3546.28,No
951,35.0,男,城市,951,2451.69,Yes
952,39.0,男,农村,952,5593.85,Yes
953,28.0,男,城市,953,3625.4,Yes
954,23.0,男,城市,954,499.8,No
959,27.0,男,城市,959,5817.07,No
961,35.0,男,城市,961,10333.32,Yes
962,30.0,男,城市,962,5690.2,Yes
965,37.0,男,城市,965,9283.43,Yes
967,35.0,男,城市,967,4798.56,Yes
971,40.0,男,城市,971,9232.05,Yes
972,22.0,男,城市,972,3532.27,No
973,15.0,男,城市,973,4816.22,No
975,36.0,男,城市,975,675.55,Yes
978,39.0,男,城市,978,8594.28,Yes
981,22.0,男,农村,981,10143.58,No
982,32.0,男,城市,982,179.85,Yes
984,36.0,男,城市,984,5003.71,Yes
986,16.0,男,农村,986,9309.59,No
990,26.0,男,城市,990,5271.62,No
992,31.0,男,城市,992,4669.04,Yes
994,22.0,男,城市,994,6794.76,No
996,33.0,男,城市,996,8192.61,Yes
1002,33.0,男,城市,1002,5073.97,Yes
1011,36.0,男,城市,1011,2166.24,Yes
1013,40.0,男,城市,1013,4634.0,Yes
1015,21.0,男,城市,1015,6298.32,No
1016,16.0,男,城市,1016,4813.93,No
1017,36.0,男,城市,1017,3687.36,Yes
1019,39.0,男,城市,1019,3128.71,Yes
1021,37.0,男,农村,1021,1692.65,Yes
1022,23.0,男,城市,1022,7428.69,No
1023,23.0,男,农村,1023,8463.74,No
1025,36.0,男,城市,1025,2836.16,Yes
1026,28.0,男,城市,1026,723.94,Yes
1029,38.0,男,农村,1029,4434.7,Yes
1035,29.0,男,农村,1035,1668.53,Yes
1038,23.0,男,城市,1038,2942.84,No
1043,38.0,男,城市,1043,6530.56,Yes
1048,32.0,男,城市,1048,4753.99,Yes
1052,38.0,男,农村,1052,1677.74,Yes
1060,18.0,男,城市,1060,2264.9,Yes
1062,41.0,男,城市,1062,3364.83,Yes
1063,35.0,男,城市,1063,3101.24,Yes
1064,16.0,男,城市,1064,6071.13,No
1065,28.0,男,农村,1065,823.38,Yes
1066,21.0,男,城市,1066,8271.57,No
1067,21.0,男,城市,1067,5896.41,No
1070,39.0,男,城市,1070,2655.11,Yes
1071,35.0,男,城市,1071,7199.13,Yes
1072,43.0,男,城市,1072,3123.1,Yes
1074,19.0,男,城市,1074,8257.8,Yes
1075,43.0,男,农村,1075,5160.05,Yes
1080,28.0,男,城市,1080,5243.41,Yes
1081,34.0,男,城市,1081,5664.75,Yes
1083,38.0,男,农村,1083,5607.75,Yes
1085,39.0,男,城市,1085,6218.78,Yes
1087,26.0,男,农村,1087,7481.74,No
1091,19.0,男,城市,1091,3669.16,Yes
1095,38.0,男,城市,1095,3681.52,Yes
1097,29.0,男,城市,1097,7764.45,Yes
1099,38.0,男,城市,1099,6542.03,Yes
1104,36.0,男,农村,1104,663.29,Yes
1106,29.0,男,农村,1106,5543.72,Yes
1108,23.0,男,农村,1108,6784.76,No
1109,29.0,男,城市,1109,5046.28,Yes
1116,38.0,男,农村,1116,2239.87,Yes
1121,22.0,男,城市,1121,4943.16,No
1125,39.0,男,农村,1125,,Yes
1127,39.0,男,城市,1127,3889.24,Yes
1132,22.0,男,城市,1132,2177.63,Yes
1136,26.0,男,农村,1136,3996.03,No
1141,44.0,男,农村,1141,3148.09,Yes
1143,24.0,男,农村,1143,3798.37,No
1144,29.0,男,农村,1144,1572.67,Yes
1145,24.0,男,城市,1145,557.21,No
1146,43.0,男,农村,1146,5251.67,Yes
1148,25.0,男,农村,1148,4148.73,Yes
1149,31.0,男,农村,1149,8349.63,Yes
1151,43.0,男,城市,1151,6124.52,Yes
1152,31.0,男,农村,1152,4490.94,Yes
1153,39.0,男,农村,1153,5462.48,Yes
1154,32.0,男,农村,1154,7074.57,Yes
1155,17.0,男,城市,1155,5793.61,Yes
1158,39.0,男,农村,1158,7200.82,Yes
1160,39.0,男,农村,1160,5612.07,Yes
1170,37.0,男,农村,1170,5581.33,Yes
1171,26.0,男,农村,1171,996.59,Yes
1172,17.0,男,农村,1172,6122.64,No
1175,38.0,男,农村,1175,7918.21,Yes
1179,18.0,男,城市,1179,1670.87,No
1180,36.0,男,城市,1180,3488.86,Yes
1184,33.0,男,城市,1184,4864.24,Yes
1185,43.0,男,农村,1185,4755.21,Yes
1188,28.0,男,城市,1188,8184.86,Yes
1189,27.0,男,城市,1189,7512.8,No
1191,15.0,男,城市,1191,4293.1,Yes
1193,39.0,男,农村,1193,5149.77,Yes
1195,29.0,男,城市,1195,4117.13,Yes
1198,26.0,男,城市,1198,7396.16,No
1199,34.0,男,城市,1199,6161.56,Yes
1200,38.0,男,农村,1200,5783.14,Yes
1201,33.0,男,农村,1201,,Yes
1202,36.0,男,农村,1202,9169.48,Yes
1205,34.0,男,城市,1205,2703.41,Yes
1209,28.0,男,农村,1209,3357.04,Yes
1210,19.0,男,城市,1210,2343.58,No
1212,43.0,男,城市,1212,3019.97,Yes
1214,40.0,男,农村,1214,5386.34,Yes
1217,39.0,男,城市,1217,2921.27,Yes
1218,41.0,男,农村,1218,3614.9,Yes
1220,33.0,男,农村,1220,7658.95,Yes
1222,19.0,男,农村,1222,5990.77,No
1228,25.0,男,城市,1228,6449.0,No
1233,29.0,男,城市,1233,6250.64,Yes
1235,37.0,男,城市,1235,5885.27,Yes
1237,31.0,男,城市,1237,6036.44,Yes
1243,16.0,男,城市,1243,5025.72,No
1244,29.0,男,农村,1244,5623.26,Yes
1245,22.0,男,农村,1245,2614.74,Yes
1246,41.0,男,城市,1246,5624.41,Yes
1248,21.0,男,城市,1248,9695.78,No
1250,42.0,男,城市,1250,2131.66,Yes
1254,17.0,男,农村,1254,3433.05,No
1257,39.0,男,城市,1257,4408.51,Yes
1258,39.0,男,农村,1258,3420.33,Yes
1260,30.0,男,农村,1260,5067.18,Yes
1263,31.0,男,农村,1263,3253.57,Yes
1266,40.0,男,农村,1266,2353.15,Yes
1269,39.0,男,农村,1269,2890.29,Yes
1271,23.0,男,农村,1271,3360.41,Yes
1272,24.0,男,农村,1272,5754.5,Yes
1274,29.0,男,农村,1274,7603.95,Yes
1277,37.0,男,农村,1277,1394.99,Yes
1278,16.0,男,农村,1278,2381.68,No
1279,42.0,男,城市,1279,5668.57,Yes
1281,41.0,男,城市,1281,6377.95,Yes
1283,39.0,男,农村,1283,8002.71,Yes
1286,34.0,男,农村,1286,169.24,Yes
1289,45.0,男,农村,1289,4633.37,No
1293,23.0,男,城市,1293,6984.87,No
1296,36.0,男,城市,1296,5643.21,Yes
1297,32.0,男,城市,1297,3829.6,Yes
1298,32.0,男,农村,1298,4403.74,Yes
1302,42.0,男,城市,1302,8571.04,Yes
1309,21.0,男,城市,1309,2997.57,No
1311,31.0,男,城市,1311,3101.19,Yes
1315,26.0,男,城市,1315,4403.46,No
1316,17.0,男,城市,1316,5994.88,No
1318,29.0,男,农村,1318,3664.4,Yes
1321,37.0,男,农村,1321,2384.55,Yes
1326,20.0,男,农村,1326,2752.69,No
1328,22.0,男,城市,1328,5773.68,Yes
1333,18.0,男,城市,1333,5808.06,No
1334,37.0,男,城市,1334,4936.38,Yes
1335,40.0,男,农村,1335,6099.44,Yes
1336,21.0,男,城市,1336,5112.87,No
1337,44.0,男,农村,1337,5223.2,Yes
1338,31.0,男,农村,1338,4741.15,Yes
1339,26.0,男,农村,1339,3076.78,Yes
1340,20.0,男,农村,1340,4578.65,No
1343,21.0,男,城市,1343,5604.78,No
1344,42.0,男,农村,1344,6110.68,Yes
1348,39.0,男,农村,1348,4170.96,Yes
1349,26.0,男,农村,1349,2772.22,No
1351,37.0,男,城市,1351,3893.84,Yes
1352,16.0,男,城市,1352,800.79,No
1355,21.0,男,城市,1355,2827.32,No
1357,35.0,男,城市,1357,2107.95,Yes
1358,18.0,男,农村,1358,5650.53,No
1359,23.0,男,城市,1359,4540.93,No
1360,17.0,男,农村,1360,4956.33,No
1361,29.0,男,农村,1361,4809.62,Yes
1362,20.0,男,城市,1362,5032.82,Yes
1365,32.0,男,城市,1365,5021.43,Yes
1366,32.0,男,农村,1366,7207.81,Yes
1367,41.0,男,城市,1367,1618.73,Yes
1369,40.0,男,农村,1369,2742.49,Yes
1371,17.0,男,农村,1371,4656.12,No
1374,28.0,男,城市,1374,1278.07,Yes
1375,30.0,男,城市,1375,1505.64,Yes
1380,41.0,男,农村,1380,2677.53,Yes
1383,33.0,男,城市,1383,5813.38,Yes
1386,33.0,男,农村,1386,4272.72,Yes
1388,19.0,男,城市,1388,605.0,No
1393,21.0,男,城市,1393,4486.77,Yes
1395,43.0,男,城市,1395,5493.1,Yes
1400,21.0,男,城市,1400,3475.93,No
1403,44.0,男,农村,1403,558.95,Yes
1405,45.0,男,农村,1405,4507.0,No
1410,37.0,男,农村,1410,4517.04,Yes
1414,31.0,男,城市,1414,5233.51,Yes
1415,25.0,男,农村,1415,4409.43,Yes
1417,18.0,男,农村,1417,3319.06,No
1419,25.0,男,农村,1419,5930.05,No
1422,38.0,男,城市,1422,5796.8,Yes
1423,33.0,男,城市,1423,3765.57,Yes
1424,39.0,男,城市,1424,7371.7,Yes
1426,44.0,男,农村,1426,3479.96,Yes
1430,41.0,男,农村,1430,2429.04,Yes
1431,43.0,男,农村,1431,3510.68,Yes
1434,28.0,男,城市,1434,5555.6,Yes
1436,45.0,男,城市,1436,3502.46,No
1438,32.0,男,农村,1438,5763.61,Yes
1445,21.0,男,城市,1445,6472.06,Yes
1446,26.0,男,城市,1446,4903.09,Yes
1447,32.0,男,城市,1447,7571.86,Yes
1448,21.0,男,农村,1448,4923.1,No
1452,30.0,男,农村,1452,4121.99,Yes
1453,21.0,男,城市,1453,3904.95,No
1454,45.0,男,农村,1454,5232.57,No
1456,40.0,男,农村,1456,5937.38,Yes
1458,31.0,男,农村,1458,3673.03,Yes
1460,15.0,男,城市,1460,7327.28,No
1463,35.0,男,农村,1463,3775.91,Yes
1464,37.0,男,城市,1464,5834.04,Yes
1465,29.0,男,城市,1465,4810.95,Yes
1466,32.0,男,城市,1466,4302.1,Yes
1467,20.0,男,城市,1467,2949.76,No
1471,24.0,男,农村,1471,3304.8,No
1472,29.0,男,农村,1472,3460.6,Yes
1473,36.0,男,农村,1473,2175.5,Yes
1475,35.0,男,城市,1475,2914.87,Yes
1476,41.0,男,城市,1476,5249.33,Yes
1479,39.0,男,农村,1479,2869.58,Yes
1480,21.0,男,城市,1480,7663.01,No
1481,25.0,男,农村,1481,,No
1486,19.0,男,城市,1486,3113.02,Yes
1487,36.0,男,农村,1487,8956.96,Yes
1488,44.0,男,农村,1488,8474.34,Yes
1489,23.0,男,城市,1489,4201.2,No
1492,43.0,男,城市,1492,6021.46,Yes
1495,45.0,男,城市,1495,1158.61,No
1497,36.0,男,农村,1497,624.67,Yes
1500,19.0,男,城市,1500,3835.59,No
1501,39.0,男,城市,1501,805.04,Yes
1503,20.0,男,农村,1503,4931.06,Yes
1505,17.0,男,城市,1505,2762.11,No
1507,29.0,男,农村,1507,5463.83,Yes
1510,41.0,男,农村,1510,6918.34,Yes
1512,45.0,男,城市,1512,5175.51,No
1513,24.0,男,农村,1513,1588.03,Yes
1514,33.0,男,城市,1514,5643.42,Yes
1518,29.0,男,城市,1518,2804.17,Yes
1521,23.0,男,城市,1521,6249.88,No
1522,15.0,男,农村,1522,5990.21,No
1525,31.0,男,城市,1525,5911.8,Yes
1527,36.0,男,城市,1527,5319.1,Yes
1528,27.0,男,农村,1528,3446.29,No
1530,16.0,男,农村,1530,9593.1,No
1532,19.0,男,城市,1532,6610.15,No
1537,32.0,男,城市,1537,7147.22,Yes
1538,39.0,男,城市,1538,5033.98,Yes
1540,26.0,男,农村,1540,7410.91,No
1545,27.0,男,农村,1545,4357.58,Yes
1549,45.0,男,城市,1549,5348.62,No
1551,33.0,男,城市,1551,3757.9,Yes
1556,45.0,男,农村,1556,6065.61,No
1558,45.0,男,城市,1558,3329.35,No
1559,37.0,男,城市,1559,3212.6,Yes
1560,27.0,男,农村,1560,6489.94,No
1561,22.0,男,农村,1561,774.04,Yes
1563,32.0,男,城市,1563,4948.98,Yes
1564,40.0,男,农村,1564,4945.58,Yes
1566,43.0,男,城市,1566,7345.44,Yes
1567,21.0,男,农村,1567,6776.36,No
1570,32.0,男,城市,1570,6142.6,Yes
1571,34.0,男,城市,1571,6098.29,Yes
1573,35.0,男,农村,1573,2721.95,Yes
1584,15.0,男,农村,1584,2877.31,Yes
1586,36.0,男,农村,1586,4359.04,Yes
1587,34.0,男,城市,1587,6699.56,Yes
1589,38.0,男,农村,1589,9328.15,Yes
1592,21.0,男,城市,1592,4681.65,Yes
1595,20.0,男,农村,1595,5499.13,No
1597,45.0,男,农村,1597,4124.64,No
1601,42.0,男,城市,1601,9470.35,Yes
1602,45.0,男,农村,1602,1694.01,No
1604,18.0,男,城市,1604,3130.42,No
1606,22.0,男,城市,1606,1904.84,No
1611,27.0,男,农村,1611,2179.88,No
1612,42.0,男,城市,1612,5786.94,Yes
1613,17.0,男,农村,1613,3673.59,No
1615,16.0,男,农村,1615,3367.82,Yes
1617,44.0,男,农村,1617,7104.01,Yes
1619,25.0,男,农村,1619,3062.34,No
1620,22.0,男,农村,1620,5709.23,No
1621,24.0,男,农村,1621,4040.54,No
1622,34.0,男,农村,1622,2811.61,Yes
1624,41.0,男,农村,1624,6690.65,Yes
1625,24.0,男,城市,1625,4060.87,Yes
1627,42.0,男,城市,1627,4229.38,Yes
1629,29.0,男,城市,1629,3009.66,Yes
1630,33.0,男,城市,1630,4518.71,Yes
1632,28.0,男,农村,1632,6820.95,Yes
1633,15.0,男,农村,1633,5621.08,Yes
1643,24.0,男,农村,1643,610.34,No
1645,44.0,男,农村,1645,4486.22,Yes
1646,27.0,男,农村,1646,7317.78,Yes
1649,16.0,男,城市,1649,7611.09,No
1650,35.0,男,城市,1650,3792.99,Yes
1651,19.0,男,城市,1651,3760.92,No
1654,42.0,男,农村,1654,5873.52,Yes
1655,36.0,男,城市,1655,5144.41,Yes
1657,38.0,男,农村,1657,3033.7,Yes
1659,19.0,男,农村,1659,7288.08,No
1660,37.0,男,农村,1660,4556.8,Yes
1661,22.0,男,农村,1661,798.86,No
1662,20.0,男,农村,1662,3993.33,No
1663,38.0,男,城市,1663,3729.11,Yes
1664,32.0,男,城市,1664,7201.79,Yes
1666,31.0,男,城市,1666,8039.34,Yes
1669,17.0,男,农村,1669,4183.46,No
1670,30.0,男,城市,1670,7167.46,Yes
1673,18.0,男,城市,1673,4201.81,No
1674,44.0,男,农村,1674,6826.66,Yes
1676,19.0,男,农村,1676,3027.2,Yes
1677,44.0,男,农村,1677,4008.33,Yes
1679,42.0,男,城市,1679,4924.61,Yes
1681,40.0,男,农村,1681,2340.76,Yes
1683,32.0,男,农村,1683,7713.33,Yes
1684,16.0,男,农村,1684,4805.29,No
1686,33.0,男,农村,1686,2312.57,Yes
1687,43.0,男,农村,1687,6468.36,Yes
1688,32.0,男,农村,1688,2260.68,Yes
1689,33.0,男,城市,1689,4647.94,Yes
1692,44.0,男,城市,1692,4147.01,Yes
1702,29.0,男,城市,1702,2226.23,Yes
1703,39.0,男,农村,1703,6861.77,Yes
1708,33.0,男,农村,1708,3359.67,Yes
1709,18.0,男,城市,1709,6439.18,No
1710,44.0,男,农村,1710,2990.08,Yes
1713,25.0,男,城市,1713,6173.6,No
1714,41.0,男,城市,1714,6488.62,Yes
1715,35.0,男,城市,1715,4645.55,Yes
1718,20.0,男,农村,1718,,No
1719,37.0,男,城市,1719,5821.88,Yes
1721,42.0,男,农村,1721,6704.41,Yes
1724,29.0,男,农村,1724,,Yes
1727,18.0,男,农村,1727,5614.28,No
1732,15.0,男,城市,1732,6850.36,No
1733,33.0,男,城市,1733,3717.33,Yes
1734,32.0,男,城市,1734,5811.5,Yes
1736,35.0,男,农村,1736,2411.62,Yes
1740,25.0,男,农村,1740,2710.56,No
1741,25.0,男,农村,1741,8680.42,No
1743,16.0,男,农村,1743,5451.9,No
1747,20.0,男,城市,1747,8121.36,Yes
1759,24.0,男,农村,1759,5520.68,No
1760,30.0,男,农村,1760,2481.17,Yes
1763,28.0,男,农村,1763,6154.15,Yes
1764,15.0,男,农村,1764,3088.54,No
1765,30.0,男,城市,1765,3202.94,Yes
1768,16.0,男,城市,1768,6898.59,No
1769,27.0,男,城市,1769,4950.41,No
1770,37.0,男,农村,1770,5535.08,Yes
1772,25.0,男,农村,1772,5623.1,No
1773,18.0,男,农村,1773,6785.96,Yes
1774,26.0,男,农村,1774,8792.98,No
1784,21.0,男,城市,1784,182.12,Yes
1786,26.0,男,农村,1786,4150.23,No
1793,42.0,男,农村,1793,2919.02,Yes
1794,37.0,男,城市,1794,4306.02,Yes
1797,20.0,男,农村,1797,5948.58,No
1799,20.0,男,城市,1799,9593.32,No
1802,43.0,男,农村,1802,2316.73,Yes
1803,25.0,男,城市,1803,2129.54,No
1804,32.0,男,城市,1804,490.63,Yes
1806,32.0,男,农村,1806,4574.23,Yes
1807,24.0,男,农村,1807,,No
1811,16.0,男,城市,1811,5793.29,No
1815,17.0,男,农村,1815,,No
1818,34.0,男,农村,1818,5858.86,Yes
1819,18.0,男,农村,1819,3728.16,No
1824,22.0,男,农村,1824,6557.76,No
1828,31.0,男,城市,1828,5868.97,Yes
1830,29.0,男,农村,1830,8205.09,Yes
1832,42.0,男,农村,1832,6060.04,Yes
1834,19.0,男,农村,1834,174.11,No
1835,42.0,男,农村,1835,6945.06,Yes
1841,45.0,男,农村,1841,6370.48,No
1843,27.0,男,农村,1843,4040.12,Yes
1844,26.0,男,农村,1844,2080.28,Yes
1845,24.0,男,农村,1845,3107.35,Yes
1846,24.0,男,城市,1846,4235.89,No
1847,43.0,男,城市,1847,4328.78,Yes
1849,18.0,男,农村,1849,2325.33,No
1851,35.0,男,城市,1851,4157.41,Yes
1853,40.0,男,农村,1853,6586.88,Yes
1854,31.0,男,农村,1854,3420.06,Yes
1860,38.0,男,农村,1860,5886.36,Yes
1863,27.0,男,城市,1863,5015.6,No
1864,42.0,男,农村,1864,7441.3,Yes
1865,31.0,男,农村,1865,5712.66,Yes
1866,23.0,男,城市,1866,5877.84,No
1867,37.0,男,城市,1867,2700.63,Yes
1868,30.0,男,城市,1868,4765.15,Yes
1872,17.0,男,城市,1872,6822.59,No
1878,41.0,男,农村,1878,5901.56,Yes
1885,25.0,男,城市,1885,6156.79,Yes
1887,36.0,男,城市,1887,6126.08,Yes
1889,40.0,男,城市,1889,4239.79,Yes
1892,41.0,男,城市,1892,3574.33,Yes
1893,16.0,男,农村,1893,6621.53,Yes
1898,30.0,男,城市,1898,4233.18,Yes
1899,22.0,男,农村,1899,7049.14,Yes
1903,30.0,男,城市,1903,5471.6,Yes
1904,41.0,男,城市,1904,4466.68,Yes
1907,37.0,男,农村,1907,3565.57,Yes
1908,17.0,男,农村,1908,4867.93,No
1910,34.0,男,城市,1910,5857.29,Yes
1911,16.0,男,城市,1911,5085.75,No
1912,17.0,男,农村,1912,2166.34,No
1914,17.0,男,城市,1914,5264.18,Yes
1915,45.0,男,农村,1915,3822.34,No
1916,44.0,男,城市,1916,7199.31,Yes
1917,32.0,男,城市,1917,1443.03,Yes
1918,43.0,男,城市,1918,4670.39,Yes
1925,22.0,男,城市,1925,3914.62,No
1927,16.0,男,城市,1927,3160.64,No
1939,39.0,男,城市,1939,4497.54,Yes
1941,24.0,男,农村,1941,4309.06,No
1944,24.0,男,农村,1944,3967.72,No
1945,36.0,男,农村,1945,5115.32,Yes
1946,20.0,男,城市,1946,3938.76,No
1948,16.0,男,农村,1948,6087.31,Yes
1951,26.0,男,城市,1951,5112.14,No
1952,35.0,男,农村,1952,1648.25,Yes
1953,41.0,男,城市,1953,5712.6,Yes
1954,42.0,男,农村,1954,3409.82,Yes
1955,37.0,男,城市,1955,2128.29,Yes
1956,33.0,男,农村,1956,9455.67,Yes
1957,38.0,男,城市,1957,2301.63,Yes
1958,24.0,男,农村,1958,5030.04,No
1959,16.0,男,农村,1959,5075.56,No
1961,34.0,男,农村,1961,6161.27,Yes
1962,43.0,男,城市,1962,8287.13,Yes
1965,34.0,男,城市,1965,2148.63,Yes
1968,17.0,男,农村,1968,4013.39,No
1969,43.0,男,城市,1969,4714.5,Yes
1971,20.0,男,农村,1971,6037.75,Yes
1972,20.0,男,农村,1972,,No
1973,15.0,男,农村,1973,5694.29,No
1975,30.0,男,城市,1975,2406.92,Yes
1976,26.0,男,农村,1976,4245.96,Yes
1978,41.0,男,农村,1978,9481.99,Yes
1982,33.0,男,城市,1982,3244.83,Yes
1983,39.0,男,农村,1983,8099.59,Yes
1984,15.0,男,城市,1984,4678.64,No
1985,23.0,男,农村,1985,5939.11,No
1986,24.0,男,城市,1986,2856.7,No
1988,33.0,男,农村,1988,4461.11,Yes
1989,40.0,男,城市,1989,6246.61,Yes
1990,19.0,男,城市,1990,1080.88,No
1993,22.0,男,城市,1993,7515.1,No
1994,19.0,男,农村,1994,3419.87,No
1996,41.0,男,城市,1996,5833.12,Yes
1998,20.0,男,城市,1998,5279.8,Yes
2000,24.0,男,农村,2000,2518.42,No
2005,31.0,男,农村,2005,5348.86,Yes
2010,43.0,男,农村,2010,4958.84,Yes
2012,38.0,男,农村,2012,3300.05,Yes
2013,43.0,男,城市,2013,5859.29,Yes
2014,21.0,男,城市,2014,4338.73,No
2016,45.0,男,农村,2016,3588.08,Yes
2019,31.0,男,城市,2019,6066.11,Yes
2020,40.0,男,农村,2020,4871.48,Yes
2023,19.0,男,城市,2023,7710.14,No
2024,15.0,男,农村,2024,9104.88,No
2025,19.0,男,城市,2025,4557.96,No
2029,34.0,男,城市,2029,2770.98,Yes
2030,31.0,男,城市,2030,2007.65,Yes
2032,24.0,男,农村,2032,5624.18,No
2034,32.0,男,城市,2034,6072.24,Yes
2035,27.0,男,城市,2035,7554.52,No
2036,18.0,男,城市,2036,7752.51,No
2038,37.0,男,城市,2038,8323.78,Yes
2041,37.0,男,农村,2041,5739.45,Yes
2042,40.0,男,城市,2042,7990.53,Yes
2043,22.0,男,城市,2043,2294.05,No
2045,36.0,男,农村,2045,6147.49,Yes
2051,39.0,男,农村,2051,7593.6,Yes
2053,42.0,男,城市,2053,3753.43,Yes
2054,27.0,男,农村,2054,7759.41,Yes
2055,16.0,男,农村,2055,4683.92,No
2056,23.0,男,城市,2056,4645.16,Yes
2057,28.0,男,农村,2057,,Yes
2058,26.0,男,城市,2058,6312.04,No
2059,23.0,男,农村,2059,3255.5,No
2061,26.0,男,农村,2061,3621.81,Yes
2062,16.0,男,农村,2062,260.41,No
2063,37.0,男,城市,2063,6438.22,Yes
2065,44.0,男,城市,2065,5779.21,Yes
2068,15.0,男,农村,2068,4045.42,No
2071,29.0,男,城市,2071,3932.51,Yes
2076,20.0,男,城市,2076,3035.47,Yes
2077,18.0,男,城市,2077,3211.72,Yes
2078,36.0,男,农村,2078,8262.02,Yes
2079,27.0,男,城市,2079,3241.56,No
2082,23.0,男,城市,2082,8216.83,No
2083,43.0,男,城市,2083,6604.07,Yes
2086,21.0,男,城市,2086,5419.43,Yes
2089,26.0,男,城市,2089,3633.75,No
2090,39.0,男,农村,2090,8144.06,Yes
2092,35.0,男,城市,2092,1069.86,Yes
2094,25.0,男,城市,2094,3126.27,No
2096,24.0,男,城市,2096,5426.36,Yes
2102,31.0,男,城市,2102,3051.21,Yes
2104,19.0,男,城市,2104,5011.71,No
2105,24.0,男,农村,2105,2127.96,No
2107,28.0,男,农村,2107,3883.86,Yes
2108,23.0,男,农村,2108,3257.7,Yes
2109,32.0,男,农村,2109,4567.54,Yes
2112,41.0,男,农村,2112,3148.23,Yes
2113,19.0,男,城市,2113,5647.71,No
2115,32.0,男,农村,2115,3852.17,Yes
2118,36.0,男,,2118,4200.48,Yes
2119,21.0,男,城市,2119,7492.03,No
2122,22.0,男,城市,2122,6012.25,No
2123,30.0,男,农村,2123,6044.72,Yes
2125,44.0,男,城市,2125,6736.1,Yes
2126,16.0,男,城市,2126,1329.07,No
2128,40.0,男,农村,2128,7547.39,Yes
2129,27.0,男,农村,2129,6946.08,No
2130,20.0,男,,2130,5942.11,No
2133,35.0,男,城市,2133,6432.65,Yes
2134,35.0,男,农村,2134,2440.75,Yes
2137,26.0,男,城市,2137,8677.79,No
2140,28.0,男,城市,2140,3161.24,Yes
2145,23.0,男,城市,2145,8464.83,No
2146,25.0,男,农村,2146,3576.53,No
2149,15.0,男,农村,2149,8023.44,Yes
2150,45.0,男,农村,2150,3755.9,No
2152,20.0,男,农村,2152,2750.62,No
2153,29.0,男,,2153,2885.7,Yes
2156,29.0,男,,2156,8693.99,Yes
2157,36.0,男,农村,2157,3948.23,Yes
2159,39.0,男,城市,2159,7807.2,Yes
2161,22.0,男,城市,2161,4994.5,Yes
2162,31.0,男,城市,2162,6356.59,Yes
2163,22.0,男,农村,2163,6137.16,No
2164,18.0,男,农村,2164,4659.49,No
2166,22.0,男,城市,2166,3379.62,Yes
2167,18.0,男,农村,2167,6104.86,Yes
2169,29.0,男,农村,2169,3491.13,Yes
2171,43.0,男,城市,2171,7486.03,Yes
2173,34.0,男,城市,2173,122.55,Yes
2,25.0,女,,2,1959.0,No
4,17.0,女,农村,4,4557.21,No
6,17.0,女,农村,6,6824.58,Yes
7,30.0,女,,7,4267.03,Yes
8,-1.3,女,城市,8,5765.67,Yes
9,17.0,女,城市,9,5550.04,Yes
12,21.0,女,城市,12,6638.38,No
13,39.0,女,城市,13,4415.33,Yes
14,20.0,女,,14,6650.57,Yes
15,31.0,女,城市,15,4246.61,Yes
20,-1.8,女,城市,20,6517.85,Yes
21,32.0,女,城市,21,4503.71,Yes
21,32.0,女,城市,21,4503.71,Yes
21,32.0,女,城市,21,4503.71,Yes
21,32.0,女,城市,21,4503.71,Yes
21,32.0,女,城市,21,4503.71,Yes
21,32.0,女,城市,21,4503.71,Yes
21,32.0,女,城市,21,4503.71,Yes
21,32.0,女,城市,21,4503.71,Yes
21,32.0,女,城市,21,4503.71,Yes
21,32.0,女,城市,21,4503.71,Yes
21,32.0,女,城市,21,4503.71,Yes
21,32.0,女,城市,21,4503.71,Yes
21,32.0,女,城市,21,4503.71,Yes
21,32.0,女,城市,21,4503.71,Yes
21,32.0,女,城市,21,4503.71,Yes
21,32.0,女,城市,21,4503.71,Yes
21,32.0,女,城市,21,4503.71,Yes
21,32.0,女,城市,21,4503.71,Yes
21,32.0,女,城市,21,4503.71,Yes
21,32.0,女,城市,21,4503.71,Yes
21,32.0,女,城市,21,4503.71,Yes
21,32.0,女,城市,21,4503.71,Yes
21,32.0,女,城市,21,4503.71,Yes
21,32.0,女,城市,21,4503.71,Yes
21,32.0,女,城市,21,4503.71,Yes
21,32.0,女,城市,21,4503.71,Yes
21,32.0,女,城市,21,4503.71,Yes
21,32.0,女,城市,21,4503.71,Yes
21,32.0,女,城市,21,4503.71,Yes
21,32.0,女,城市,21,4503.71,Yes
21,32.0,女,城市,21,4503.71,Yes
21,32.0,女,城市,21,4503.71,Yes
21,32.0,女,城市,21,4503.71,Yes
21,32.0,女,城市,21,4503.71,Yes
21,32.0,女,城市,21,4503.71,Yes
21,32.0,女,城市,21,4503.71,Yes
21,32.0,女,城市,21,4503.71,Yes
21,32.0,女,城市,21,4503.71,Yes
21,32.0,女,城市,21,4503.71,Yes
21,32.0,女,城市,21,4503.71,Yes
21,32.0,女,城市,21,4503.71,Yes
21,32.0,女,城市,21,4503.71,Yes
21,32.0,女,城市,21,4503.71,Yes
21,32.0,女,城市,21,4503.71,Yes
21,32.0,女,城市,21,4503.71,Yes
21,32.0,女,城市,21,4503.71,Yes
21,32.0,女,城市,21,4503.71,Yes
21,32.0,女,城市,21,4503.71,Yes
21,32.0,女,城市,21,4503.71,Yes
21,32.0,女,城市,21,4503.71,Yes
21,32.0,女,城市,21,4503.71,Yes
21,32.0,女,城市,21,4503.71,Yes
21,32.0,女,城市,21,4503.71,Yes
21,32.0,女,城市,21,4503.71,Yes
21,32.0,女,城市,21,4503.71,Yes
21,32.0,女,城市,21,4503.71,Yes
21,32.0,女,城市,21,4503.71,Yes
21,32.0,女,城市,21,4503.71,Yes
21,32.0,女,城市,21,4503.71,Yes
21,32.0,女,城市,21,4503.71,Yes
21,32.0,女,城市,21,4503.71,Yes
21,32.0,女,城市,21,4503.71,Yes
21,32.0,女,城市,21,4503.71,Yes
21,32.0,女,城市,21,4503.71,Yes
29,22.0,女,农村,29,2324.27,No
31,35.0,女,城市,31,8607.59,Yes
32,42.0,女,城市,32,6649.25,Yes
35,25.0,女,城市,35,5702.24,No
36,41.0,女,城市,36,6415.9,Yes
38,29.0,女,农村,38,5925.06,Yes
39,41.0,女,城市,39,950.53,Yes
41,18.0,女,城市,41,8457.26,No
44,25.0,女,城市,44,2501.52,No
46,23.0,女,城市,46,3947.57,No
47,34.0,女,城市,47,3125.38,Yes
48,16.0,女,城市,48,7375.68,No
50,34.0,女,城市,50,1253.14,Yes
51,17.0,女,城市,51,4776.26,No
54,29.0,女,城市,54,7932.11,Yes
55,16.0,女,城市,55,4602.92,No
58,31.0,女,农村,58,6054.83,
61,37.0,女,城市,61,3380.44,Yes
62,41.0,女,农村,62,5241.78,Yes
63,28.0,女,城市,63,2689.95,Yes
64,33.0,女,城市,64,5194.56,Yes
66,26.0,女,城市,66,3299.55,Yes
68,43.0,女,城市,68,4233.91,Yes
69,43.0,女,城市,69,2968.34,Yes
70,19.0,女,城市,70,5837.87,No
72,29.0,女,城市,72,5546.34,Yes
74,43.0,女,城市,74,3626.47,
78,42.0,女,,78,10516.5,Yes
79,39.0,女,农村,79,6401.7,Yes
84,21.0,女,城市,84,6861.31,No
85,25.0,女,城市,85,4196.55,No
86,19.0,女,城市,86,4270.17,No
87,19.0,女,城市,87,5527.57,No
89,25.0,女,城市,89,3991.5,Yes
90,29.0,女,城市,90,4395.01,Yes
91,27.0,女,城市,91,5902.72,No
92,30.0,女,城市,92,609.85,Yes
93,27.0,女,城市,93,5981.05,
96,34.0,女,城市,96,4884.39,Yes
99,45.0,女,城市,99,5560.89,No
101,34.0,女,,101,7434.7,Yes
103,23.0,女,城市,103,3556.52,Yes
105,24.0,女,农村,105,4358.18,No
107,44.0,女,城市,107,5748.96,Yes
111,36.0,女,城市,111,2660.79,Yes
112,37.0,女,农村,112,6159.45,Yes
116,17.0,女,城市,116,6141.99,No
121,41.0,女,城市,121,1224.11,Yes
126,25.0,女,,126,3383.33,No
129,22.0,女,城市,129,3943.8,No
131,38.0,女,城市,131,5523.83,Yes
132,29.0,女,城市,132,2081.66,Yes
135,15.0,女,城市,135,4479.54,Yes
137,43.0,女,城市,137,7648.96,Yes
139,16.0,女,城市,139,3194.88,No
140,19.0,女,城市,140,2150.8,No
141,27.0,女,城市,141,,No
144,17.0,女,,144,5684.53,No
146,18.0,女,城市,146,4747.09,Yes
147,28.0,女,城市,147,5504.96,Yes
149,29.0,女,城市,149,3150.65,Yes
150,31.0,女,农村,150,6758.3,Yes
151,32.0,女,城市,151,,
152,23.0,女,农村,152,2312.34,No
156,33.0,女,城市,156,740.46,Yes
159,34.0,女,城市,159,4434.8,Yes
160,22.0,女,城市,160,5099.4,Yes
162,39.0,女,城市,162,4196.2,Yes
163,31.0,女,城市,163,6352.56,Yes
164,21.0,女,城市,164,4095.14,Yes
165,37.0,女,城市,165,6856.3,Yes
166,23.0,女,农村,166,5188.31,Yes
167,20.0,女,城市,167,4834.72,Yes
172,36.0,女,农村,172,1784.72,Yes
173,21.0,女,农村,173,2869.52,No
175,40.0,女,农村,175,6580.38,Yes
176,31.0,女,城市,176,7304.04,Yes
178,,女,城市,178,5044.43,Yes
184,42.0,女,城市,184,4498.44,Yes
186,33.0,女,城市,186,4910.23,Yes
188,33.0,女,城市,188,8606.79,Yes
189,30.0,女,城市,189,5230.69,
192,-1.4,女,城市,192,1929.63,Yes
197,34.0,女,城市,197,5714.06,Yes
198,23.0,女,农村,198,5702.48,No
200,37.0,女,城市,200,4717.81,Yes
201,45.0,女,城市,201,5550.79,No
202,32.0,女,城市,202,2496.35,Yes
205,24.0,女,农村,205,6088.12,
208,43.0,女,,208,785.47,Yes
209,15.0,女,城市,209,6396.46,No
211,21.0,女,城市,211,1364.04,Yes
212,28.0,女,城市,212,2346.27,Yes
214,41.0,女,城市,214,2927.41,Yes
215,23.0,女,城市,215,8128.92,Yes
216,27.0,女,城市,216,6146.28,No
219,17.0,女,城市,219,2774.05,Yes
220,25.0,女,城市,220,7778.15,No
222,15.0,女,农村,222,1052.9,No
226,28.0,女,城市,226,3961.8,Yes
227,43.0,女,城市,227,5994.99,Yes
228,35.0,女,城市,228,3598.72,Yes
231,37.0,女,城市,231,6920.13,Yes
232,29.0,女,城市,232,7366.45,Yes
233,33.0,女,城市,233,4589.6,Yes
234,42.0,女,城市,234,6524.09,Yes
235,24.0,女,城市,235,5147.12,No
236,35.0,女,城市,236,4056.5,Yes
237,37.0,女,城市,237,5943.68,Yes
238,24.0,女,城市,238,1932.86,No
241,21.0,女,城市,241,4007.13,No
245,24.0,女,城市,245,4138.28,Yes
247,43.0,女,城市,247,7394.56,Yes
251,32.0,女,农村,251,2889.55,Yes
252,23.0,女,城市,252,4810.22,No
257,35.0,女,城市,257,2121.42,Yes
259,23.0,女,城市,259,4002.39,No
260,22.0,女,农村,260,7796.47,Yes
262,44.0,女,城市,262,4946.67,Yes
266,33.0,女,城市,266,6797.45,Yes
267,,女,城市,267,2706.99,Yes
268,45.0,女,农村,268,7756.3,No
270,24.0,女,农村,270,4741.85,Yes
274,20.0,女,城市,274,3999.23,No
275,35.0,女,城市,275,6162.22,Yes
277,22.0,女,城市,277,3145.54,No
278,45.0,女,城市,278,6661.25,No
279,44.0,女,城市,279,5022.38,Yes
282,31.0,女,城市,282,5970.73,
285,27.0,女,农村,285,4329.49,No
288,32.0,女,农村,288,4653.24,Yes
289,37.0,女,城市,289,5843.42,Yes
290,39.0,女,农村,290,4162.06,Yes
291,41.0,女,农村,291,3543.35,Yes
292,20.0,女,农村,292,5762.98,No
294,30.0,女,农村,294,4039.38,Yes
295,41.0,女,农村,295,1504.63,Yes
296,39.0,女,城市,296,5914.99,Yes
297,16.0,女,城市,297,3254.34,No
298,28.0,女,城市,298,4977.47,
299,37.0,女,城市,299,8260.86,Yes
303,32.0,女,城市,303,4018.71,Yes
306,17.0,女,城市,306,3703.95,No
310,27.0,女,城市,310,3092.66,Yes
312,38.0,女,城市,312,3797.15,Yes
313,31.0,女,城市,313,7597.96,
315,23.0,女,农村,315,7467.2,Yes
316,26.0,女,城市,316,6985.81,Yes
317,33.0,女,城市,317,6568.1,Yes
318,35.0,女,农村,318,4644.44,Yes
319,18.0,女,农村,319,2755.09,No
321,21.0,女,城市,321,5599.68,Yes
322,19.0,女,城市,322,6869.57,No
323,23.0,女,城市,323,5888.7,No
324,41.0,女,农村,324,6909.26,Yes
325,40.0,女,城市,325,2146.2,Yes
326,20.0,女,城市,326,6543.67,No
330,29.0,女,农村,330,7830.62,Yes
331,41.0,女,城市,331,1601.61,Yes
332,45.0,女,城市,332,4775.15,No
333,41.0,女,城市,333,4136.52,Yes
334,16.0,女,城市,334,7408.6,No
335,40.0,女,城市,335,4748.48,Yes
336,16.0,女,城市,336,8521.76,No
343,29.0,女,城市,343,5443.45,Yes
344,19.0,女,城市,344,7250.16,
347,33.0,女,城市,347,4876.46,Yes
349,38.0,女,城市,349,5614.18,Yes
350,20.0,女,城市,350,6289.62,No
351,17.0,女,城市,351,3523.3,No
354,23.0,女,城市,354,3563.19,No
356,41.0,女,城市,356,2437.16,Yes
358,16.0,女,城市,358,5117.91,No
359,44.0,女,城市,359,2992.48,Yes
362,34.0,女,城市,362,4539.63,Yes
363,32.0,女,城市,363,1880.66,Yes
364,,女,城市,364,1114.64,Yes
365,16.0,女,城市,365,7481.56,No
366,42.0,女,城市,366,6485.35,Yes
368,43.0,女,城市,368,2119.73,Yes
370,44.0,女,城市,370,6242.26,Yes
371,18.0,女,城市,371,2808.93,No
373,36.0,女,城市,373,3382.85,Yes
374,35.0,女,农村,374,5117.85,Yes
375,40.0,女,城市,375,5472.04,Yes
377,44.0,女,城市,377,3302.94,Yes
378,41.0,女,城市,378,2753.33,Yes
381,43.0,女,农村,381,8300.13,Yes
383,25.0,女,城市,383,6381.19,No
385,15.0,女,城市,385,3437.85,
387,24.0,女,城市,387,3379.37,No
388,24.0,女,城市,388,5113.72,No
390,45.0,女,城市,390,4709.2,Yes
391,25.0,女,城市,391,5411.78,No
393,35.0,女,城市,393,3499.64,Yes
395,18.0,女,城市,395,997.41,No
397,36.0,女,城市,397,6172.26,Yes
399,37.0,女,城市,399,3908.89,Yes
401,35.0,女,城市,401,1884.78,Yes
403,29.0,女,城市,403,3600.82,Yes
405,19.0,女,城市,405,7357.51,No
406,39.0,女,农村,406,1494.52,Yes
408,25.0,女,城市,408,5032.28,No
409,16.0,女,农村,409,3360.29,No
410,28.0,女,城市,410,3584.37,Yes
412,21.0,女,农村,412,2262.08,No
414,34.0,女,农村,414,5363.97,Yes
416,34.0,女,城市,416,8076.88,Yes
419,36.0,女,城市,419,3553.11,Yes
424,32.0,女,城市,424,3079.18,Yes
427,42.0,女,城市,427,6958.99,Yes
429,28.0,女,城市,429,8201.93,Yes
430,16.0,女,城市,430,5448.78,No
431,15.0,女,城市,431,3375.08,No
434,26.0,女,农村,434,5929.45,No
436,32.0,女,城市,436,5231.77,Yes
437,34.0,女,城市,437,1231.3,Yes
438,28.0,女,农村,438,1744.73,Yes
439,34.0,女,农村,439,6155.24,Yes
440,35.0,女,城市,440,5283.96,Yes
442,33.0,女,农村,442,2852.23,Yes
444,32.0,女,城市,444,5089.27,Yes
448,19.0,女,城市,448,5773.2,No
449,36.0,女,城市,449,2053.56,Yes
450,22.0,女,城市,450,6339.5,No
451,39.0,女,城市,451,5380.86,Yes
452,20.0,女,城市,452,5569.06,No
453,26.0,女,农村,453,3266.23,No
455,16.0,女,城市,455,6903.06,No
457,44.0,女,农村,457,7066.71,Yes
459,32.0,女,城市,459,5032.74,Yes
462,30.0,女,城市,462,4453.82,Yes
463,21.0,女,城市,463,5241.24,No
464,16.0,女,农村,464,5454.62,No
466,16.0,女,城市,466,5079.84,Yes
467,23.0,女,城市,467,5152.3,No
471,24.0,女,城市,471,3013.44,No
472,21.0,女,城市,472,4994.1,Yes
474,20.0,女,城市,474,2718.93,Yes
477,22.0,女,城市,477,4664.65,No
480,40.0,女,城市,480,6680.72,Yes
481,16.0,女,城市,481,6791.36,Yes
482,24.0,女,农村,482,5411.3,No
483,26.0,女,城市,483,7964.56,No
486,16.0,女,城市,486,5224.39,No
487,17.0,女,城市,487,1635.58,Yes
489,26.0,女,城市,489,5165.74,Yes
491,33.0,女,城市,491,2922.41,Yes
492,32.0,女,城市,492,1967.96,Yes
494,44.0,女,城市,494,4128.55,Yes
495,15.0,女,农村,495,5002.37,Yes
496,32.0,女,城市,496,3094.94,Yes
497,45.0,女,城市,497,6939.98,No
498,38.0,女,城市,498,2383.96,Yes
501,25.0,女,城市,501,4733.35,No
502,29.0,女,城市,502,2484.87,Yes
503,15.0,女,城市,503,6111.0,No
504,22.0,女,城市,504,4978.76,No
508,45.0,女,城市,508,3412.26,No
509,25.0,女,城市,509,7748.91,No
514,27.0,女,城市,514,6565.69,Yes
516,31.0,女,城市,516,6122.1,Yes
518,34.0,女,城市,518,5081.06,Yes
520,20.0,女,城市,520,7425.38,Yes
521,28.0,女,城市,521,4214.24,Yes
523,20.0,女,城市,523,4877.58,No
529,23.0,女,农村,529,2761.94,Yes
530,15.0,女,城市,530,2111.62,No
531,21.0,女,城市,531,7760.75,No
532,23.0,女,城市,532,7342.05,Yes
534,18.0,女,城市,534,436.72,No
537,30.0,女,城市,537,1164.67,Yes
539,15.0,女,城市,539,3646.52,No
541,30.0,女,农村,541,6280.01,Yes
542,31.0,女,城市,542,4314.12,Yes
543,28.0,女,城市,543,7734.66,Yes
544,28.0,女,农村,544,3991.7,Yes
545,41.0,女,城市,545,1255.77,Yes
546,17.0,女,城市,546,5539.81,Yes
547,16.0,女,农村,547,6078.18,Yes
548,24.0,女,城市,548,432.14,No
549,15.0,女,城市,549,3095.48,Yes
550,23.0,女,城市,550,8630.81,No
551,28.0,女,城市,551,3978.38,Yes
554,24.0,女,农村,554,3698.83,No
555,29.0,女,城市,555,6151.78,Yes
556,42.0,女,农村,556,6583.48,Yes
557,41.0,女,城市,557,8562.93,Yes
560,40.0,女,城市,560,5386.05,Yes
561,23.0,女,城市,561,6238.65,No
562,23.0,女,农村,562,4149.72,Yes
563,17.0,女,城市,563,5059.99,No
564,36.0,女,城市,564,6234.45,Yes
565,42.0,女,农村,565,2407.11,Yes
566,44.0,女,城市,566,5907.0,Yes
568,25.0,女,农村,568,4478.11,No
569,38.0,女,城市,569,5349.97,Yes
571,15.0,女,农村,571,6568.92,No
572,27.0,女,城市,572,5173.94,No
573,26.0,女,城市,573,14.36,No
576,27.0,女,城市,576,4823.15,Yes
577,19.0,女,农村,577,2814.34,No
580,19.0,女,城市,580,3402.01,No
581,17.0,女,城市,581,5811.85,Yes
583,32.0,女,城市,583,6667.14,Yes
584,34.0,女,城市,584,4129.08,Yes
585,22.0,女,农村,585,7215.71,No
586,26.0,女,城市,586,8015.64,No
587,45.0,女,农村,587,7378.94,No
589,45.0,女,城市,589,5760.9,No
591,40.0,女,农村,591,5579.62,Yes
592,45.0,女,城市,592,3158.33,No
593,16.0,女,城市,593,6589.57,Yes
594,19.0,女,城市,594,1183.8,No
596,16.0,女,城市,596,4280.4,No
598,22.0,女,城市,598,2892.04,No
599,30.0,女,城市,599,6799.0,Yes
600,17.0,女,城市,600,6602.01,Yes
601,16.0,女,农村,601,3759.26,No
604,28.0,女,城市,604,8091.98,Yes
606,17.0,女,农村,606,1184.62,No
608,26.0,女,城市,608,3451.28,No
609,45.0,女,城市,609,4393.31,No
610,39.0,女,城市,610,4616.3,Yes
616,33.0,女,农村,616,7169.84,Yes
617,24.0,女,城市,617,6900.74,Yes
618,22.0,女,农村,618,7293.21,No
619,43.0,女,城市,619,5528.5,Yes
620,26.0,女,农村,620,7000.88,No
622,43.0,女,城市,622,6495.53,Yes
625,44.0,女,城市,625,2871.65,Yes
626,41.0,女,农村,626,6571.99,Yes
628,17.0,女,农村,628,6459.96,No
630,24.0,女,城市,630,4824.06,No
632,34.0,女,城市,632,3414.72,Yes
633,37.0,女,城市,633,1722.64,Yes
634,21.0,女,城市,634,7992.46,Yes
636,29.0,女,城市,636,2577.26,Yes
637,41.0,女,城市,637,1502.02,Yes
640,41.0,女,农村,640,4896.16,Yes
641,33.0,女,城市,641,5921.73,Yes
643,23.0,女,城市,643,6576.6,No
644,40.0,女,城市,644,3779.39,Yes
646,30.0,女,农村,646,4649.7,Yes
647,35.0,女,城市,647,713.58,Yes
648,30.0,女,城市,648,5170.66,Yes
650,31.0,女,城市,650,3189.72,Yes
651,34.0,女,城市,651,2961.54,Yes
653,27.0,女,农村,653,2133.55,No
654,41.0,女,城市,654,6065.76,Yes
656,20.0,女,城市,656,3019.78,No
659,28.0,女,城市,659,4969.55,Yes
661,20.0,女,城市,661,,Yes
662,24.0,女,城市,662,1412.15,No
664,25.0,女,城市,664,3236.57,No
665,39.0,女,城市,665,4746.77,Yes
668,15.0,女,农村,668,6895.3,No
669,44.0,女,农村,669,2322.56,Yes
671,36.0,女,城市,671,4196.67,Yes
673,44.0,女,城市,673,4778.59,Yes
674,40.0,女,城市,674,1880.77,Yes
675,29.0,女,农村,675,3512.8,Yes
680,34.0,女,城市,680,5453.2,Yes
681,29.0,女,城市,681,6504.53,Yes
682,35.0,女,城市,682,2339.84,Yes
683,18.0,女,城市,683,2885.67,No
684,35.0,女,城市,684,7039.72,Yes
687,31.0,女,城市,687,1995.15,Yes
688,29.0,女,农村,688,4463.73,Yes
692,20.0,女,城市,692,7547.28,No
693,24.0,女,城市,693,3227.59,No
694,40.0,女,城市,694,5530.99,Yes
695,27.0,女,城市,695,7843.96,Yes
696,43.0,女,农村,696,5624.32,Yes
698,35.0,女,农村,698,6209.37,Yes
701,29.0,女,农村,701,1815.29,Yes
703,45.0,女,城市,703,5223.03,No
704,16.0,女,城市,704,4387.56,No
707,34.0,女,农村,707,5716.69,Yes
709,34.0,女,农村,709,6229.62,Yes
712,41.0,女,城市,712,1768.37,Yes
713,38.0,女,城市,713,4665.53,Yes
715,44.0,女,农村,715,4296.83,Yes
718,21.0,女,城市,718,5862.41,Yes
720,18.0,女,城市,720,3536.45,No
721,38.0,女,城市,721,5351.46,Yes
722,24.0,女,城市,722,7680.5,No
723,24.0,女,城市,723,3011.46,No
724,18.0,女,农村,724,6514.23,Yes
725,36.0,女,城市,725,7833.92,Yes
726,26.0,女,城市,726,6061.52,No
729,38.0,女,城市,729,5868.21,Yes
730,37.0,女,城市,730,6320.87,Yes
735,35.0,女,城市,735,3150.37,Yes
736,23.0,女,城市,736,4536.45,Yes
737,17.0,女,城市,737,3493.46,No
738,20.0,女,城市,738,3857.47,No
740,18.0,女,城市,740,4360.18,Yes
742,24.0,女,农村,742,7895.75,No
744,31.0,女,城市,744,3304.48,Yes
745,30.0,女,城市,745,2951.98,Yes
746,37.0,女,城市,746,4294.95,Yes
749,20.0,女,城市,749,4683.31,Yes
752,15.0,女,农村,752,1387.42,Yes
754,28.0,女,农村,754,2163.48,Yes
756,36.0,女,城市,756,1907.55,Yes
758,41.0,女,城市,758,5603.26,Yes
760,18.0,女,农村,760,4200.99,No
764,43.0,女,城市,764,1838.28,Yes
766,24.0,女,城市,766,2471.3,No
768,35.0,女,城市,768,283.96,Yes
771,44.0,女,城市,771,698.87,Yes
773,16.0,女,城市,773,3940.2,No
775,22.0,女,城市,775,4862.64,No
776,30.0,女,城市,776,3016.99,Yes
778,26.0,女,城市,778,4394.71,No
781,38.0,女,城市,781,5752.5,Yes
782,20.0,女,城市,782,3643.6,No
783,15.0,女,城市,783,5670.3,No
786,22.0,女,农村,786,3403.14,Yes
791,16.0,女,城市,791,2642.02,No
792,27.0,女,农村,792,9285.05,Yes
793,29.0,女,农村,793,5776.13,Yes
795,41.0,女,城市,795,4255.24,Yes
799,38.0,女,城市,799,2071.87,Yes
800,32.0,女,农村,800,6337.59,Yes
801,34.0,女,城市,801,4693.49,Yes
803,36.0,女,城市,803,4057.67,Yes
805,38.0,女,城市,805,3334.48,Yes
807,16.0,女,城市,807,6020.82,No
808,32.0,女,农村,808,5880.48,Yes
811,37.0,女,城市,811,5737.72,Yes
812,39.0,女,城市,812,7189.66,Yes
817,30.0,女,农村,817,4491.37,Yes
819,39.0,女,城市,819,4305.41,Yes
820,38.0,女,城市,820,2054.3,Yes
821,34.0,女,城市,821,8430.15,Yes
822,39.0,女,农村,822,5766.89,Yes
825,28.0,女,城市,825,7356.96,Yes
828,26.0,女,城市,828,6004.5,No
830,41.0,女,农村,830,2404.87,Yes
832,30.0,女,城市,832,2171.35,Yes
834,19.0,女,城市,834,5045.62,Yes
835,33.0,女,城市,835,530.11,Yes
838,20.0,女,城市,838,9008.79,No
840,39.0,女,城市,840,5551.58,Yes
843,30.0,女,城市,843,4253.5,Yes
844,29.0,女,城市,844,4044.52,Yes
847,40.0,女,农村,847,5200.47,Yes
848,34.0,女,城市,848,7370.74,Yes
849,30.0,女,农村,849,4191.6,Yes
851,33.0,女,农村,851,7557.1,Yes
852,30.0,女,农村,852,8114.34,Yes
853,21.0,女,城市,853,3052.64,Yes
855,28.0,女,城市,855,6061.83,Yes
857,15.0,女,农村,857,6379.48,No
863,22.0,女,城市,863,5059.98,No
866,23.0,女,城市,866,3852.98,No
867,39.0,女,城市,867,4454.34,Yes
871,23.0,女,城市,871,5239.9,No
873,41.0,女,城市,873,4235.35,Yes
875,33.0,女,城市,875,4269.16,Yes
877,24.0,女,城市,877,5572.0,No
880,41.0,女,城市,880,6521.7,Yes
881,33.0,女,城市,881,3579.53,Yes
882,18.0,女,城市,882,2984.62,No
884,27.0,女,城市,884,8218.05,No
886,17.0,女,城市,886,7027.56,No
889,26.0,女,城市,889,3402.16,No
891,45.0,女,农村,891,6482.91,Yes
892,25.0,女,城市,892,4688.4,No
893,44.0,女,城市,893,4027.87,Yes
894,26.0,女,城市,894,1681.89,No
896,34.0,女,农村,896,6042.47,Yes
899,25.0,女,城市,899,5541.95,Yes
900,40.0,女,城市,900,6715.96,Yes
901,43.0,女,城市,901,3119.22,Yes
902,43.0,女,城市,902,5863.24,Yes
904,41.0,女,城市,904,3840.91,Yes
907,36.0,女,农村,907,8209.17,Yes
909,29.0,女,城市,909,4443.78,Yes
911,15.0,女,农村,911,5808.94,Yes
915,30.0,女,城市,915,3753.02,Yes
917,45.0,女,城市,917,6451.66,No
921,15.0,女,城市,921,8235.57,Yes
923,43.0,女,城市,923,6765.82,Yes
925,30.0,女,城市,925,4352.78,Yes
926,18.0,女,农村,926,3778.83,No
927,31.0,女,农村,927,3022.5,Yes
928,20.0,女,城市,928,3535.05,No
929,33.0,女,城市,929,7482.44,Yes
930,39.0,女,城市,930,3574.95,Yes
932,34.0,女,城市,932,1537.58,Yes
935,25.0,女,城市,935,4017.23,No
938,34.0,女,城市,938,1345.89,Yes
940,23.0,女,城市,940,497.01,Yes
941,27.0,女,城市,941,7613.49,No
942,26.0,女,城市,942,6520.17,Yes
943,39.0,女,城市,943,8079.86,Yes
944,20.0,女,农村,944,3200.97,No
947,20.0,女,农村,947,5123.23,Yes
948,42.0,女,城市,948,4714.88,Yes
950,24.0,女,城市,950,6901.11,No
955,19.0,女,城市,955,4793.86,Yes
956,20.0,女,农村,956,5445.1,No
957,42.0,女,农村,957,4747.15,Yes
958,37.0,女,城市,958,4761.27,Yes
960,35.0,女,城市,960,1761.44,Yes
963,25.0,女,城市,963,2750.87,No
964,26.0,女,城市,964,7247.13,No
966,45.0,女,城市,966,198.08,Yes
968,37.0,女,城市,968,4916.69,Yes
969,29.0,女,城市,969,8188.39,Yes
970,44.0,女,城市,970,3009.27,Yes
974,27.0,女,城市,974,2715.78,No
976,34.0,女,农村,976,2972.44,Yes
977,39.0,女,城市,977,2781.05,Yes
979,31.0,女,城市,979,1662.23,Yes
980,40.0,女,农村,980,2589.69,Yes
983,30.0,女,城市,983,8116.4,Yes
985,23.0,女,农村,985,8130.22,Yes
987,29.0,女,城市,987,9357.91,Yes
988,36.0,女,城市,988,3750.06,Yes
989,26.0,女,城市,989,7259.72,No
991,18.0,女,城市,991,3296.46,Yes
993,24.0,女,城市,993,6064.92,No
995,22.0,女,城市,995,8410.47,Yes
997,24.0,女,农村,997,3567.68,Yes
998,39.0,女,农村,998,4652.69,Yes
999,29.0,女,城市,999,3324.89,Yes
1000,21.0,女,城市,1000,5932.25,No
1001,41.0,女,城市,1001,6698.95,Yes
1003,16.0,女,农村,1003,6588.26,No
1004,19.0,女,城市,1004,4900.96,No
1005,34.0,女,城市,1005,4453.43,Yes
1006,16.0,女,农村,1006,3271.31,No
1007,36.0,女,城市,1007,4551.27,Yes
1008,19.0,女,城市,1008,2986.08,No
1009,23.0,女,城市,1009,967.82,No
1010,44.0,女,城市,1010,3778.46,Yes
1012,34.0,女,农村,1012,4312.02,Yes
1014,32.0,女,城市,1014,3028.78,Yes
1018,36.0,女,城市,1018,3719.33,Yes
1020,28.0,女,农村,1020,5216.38,Yes
1024,28.0,女,城市,1024,7401.8,Yes
1027,16.0,女,城市,1027,5625.74,Yes
1028,27.0,女,农村,1028,4243.84,No
1030,39.0,女,城市,1030,5458.49,Yes
1031,32.0,女,城市,1031,8064.84,Yes
1032,25.0,女,城市,1032,1807.36,No
1033,34.0,女,农村,1033,4853.43,Yes
1034,22.0,女,城市,1034,6343.68,No
1036,43.0,女,农村,1036,5160.42,Yes
1037,20.0,女,城市,1037,3917.31,No
1039,36.0,女,城市,1039,2481.05,Yes
1040,16.0,女,城市,1040,4592.41,Yes
1041,23.0,女,城市,1041,3464.48,No
1042,40.0,女,城市,1042,3924.62,Yes
1044,16.0,女,农村,1044,4129.85,No
1045,38.0,女,城市,1045,6569.38,Yes
1046,23.0,女,城市,1046,1560.59,No
1047,19.0,女,城市,1047,1897.82,Yes
1049,36.0,女,城市,1049,3798.91,Yes
1050,30.0,女,城市,1050,3514.37,Yes
1051,22.0,女,城市,1051,7278.27,Yes
1053,29.0,女,城市,1053,6891.9,Yes
1054,37.0,女,农村,1054,5441.08,Yes
1055,36.0,女,城市,1055,8940.44,Yes
1056,26.0,女,城市,1056,4463.0,No
1057,26.0,女,城市,1057,,No
1058,33.0,女,城市,1058,4727.08,Yes
1059,24.0,女,农村,1059,4812.36,No
1061,25.0,女,农村,1061,1797.98,Yes
1068,43.0,女,城市,1068,5612.28,Yes
1069,29.0,女,城市,1069,3897.08,Yes
1073,16.0,女,城市,1073,2943.88,No
1076,22.0,女,农村,1076,7092.78,No
1077,21.0,女,农村,1077,6675.66,No
1078,15.0,女,城市,1078,3477.61,Yes
1079,27.0,女,城市,1079,5537.93,No
1082,34.0,女,城市,1082,2356.64,Yes
1084,39.0,女,农村,1084,4670.73,Yes
1086,16.0,女,城市,1086,4111.12,Yes
1088,16.0,女,城市,1088,5875.12,Yes
1089,34.0,女,城市,1089,4611.75,Yes
1090,29.0,女,农村,1090,3721.9,Yes
1092,25.0,女,农村,1092,6803.38,No
1093,16.0,女,城市,1093,6420.96,No
1094,38.0,女,城市,1094,3035.76,Yes
1096,15.0,女,农村,1096,5395.76,Yes
1098,15.0,女,农村,1098,1973.89,No
1100,19.0,女,城市,1100,3447.04,Yes
1101,30.0,女,农村,1101,2216.93,Yes
1102,20.0,女,农村,1102,2552.44,Yes
1103,42.0,女,城市,1103,2119.12,Yes
1105,32.0,女,城市,1105,3289.14,Yes
1107,18.0,女,城市,1107,7107.5,No
1110,38.0,女,农村,1110,2438.42,Yes
1111,21.0,女,城市,1111,7433.58,No
1112,37.0,女,农村,1112,4330.6,Yes
1113,18.0,女,城市,1113,5778.54,No
1114,15.0,女,农村,1114,2863.26,No
1115,22.0,女,城市,1115,2481.05,No
1117,32.0,女,城市,1117,3954.44,Yes
1118,37.0,女,城市,1118,1477.1,Yes
1119,20.0,女,城市,1119,2993.09,No
1120,39.0,女,城市,1120,4795.61,Yes
1122,30.0,女,城市,1122,3180.04,Yes
1123,41.0,女,城市,1123,4444.55,Yes
1124,28.0,女,城市,1124,8036.53,Yes
1126,38.0,女,农村,1126,2367.56,Yes
1128,23.0,女,城市,1128,4450.94,Yes
1129,28.0,女,城市,1129,3998.28,Yes
1130,28.0,女,城市,1130,8064.39,Yes
1131,21.0,女,城市,1131,3706.24,Yes
1133,29.0,女,城市,1133,6137.24,Yes
1134,26.0,女,农村,1134,4299.71,No
1135,36.0,女,城市,1135,3267.84,Yes
1137,35.0,女,农村,1137,5224.19,Yes
1138,27.0,女,城市,1138,2217.31,No
1139,17.0,女,城市,1139,6569.9,No
1140,41.0,女,农村,1140,6153.48,Yes
1142,31.0,女,农村,1142,6859.83,Yes
1147,34.0,女,农村,1147,3169.89,Yes
1150,16.0,女,城市,1150,5090.78,No
1156,33.0,女,城市,1156,7547.89,Yes
1157,32.0,女,农村,1157,3055.8,Yes
1159,39.0,女,农村,1159,4086.68,Yes
1161,42.0,女,城市,1161,5815.67,Yes
1162,18.0,女,城市,1162,4554.33,No
1163,31.0,女,农村,1163,3560.1,Yes
1164,24.0,女,农村,1164,6521.7,No
1165,18.0,女,农村,1165,3308.49,No
1166,32.0,女,城市,1166,6935.85,Yes
1167,34.0,女,城市,1167,900.14,Yes
1168,43.0,女,城市,1168,4942.02,Yes
1169,34.0,女,农村,1169,4619.75,Yes
1173,17.0,女,农村,1173,9812.73,No
1174,41.0,女,城市,1174,7231.81,Yes
1176,15.0,女,农村,1176,4624.46,No
1177,37.0,女,农村,1177,5591.45,Yes
1178,16.0,女,城市,1178,4259.48,Yes
1181,34.0,女,城市,1181,5041.17,Yes
1182,21.0,女,城市,1182,7007.87,Yes
1183,19.0,女,农村,1183,4186.64,No
1186,43.0,女,城市,1186,7276.35,Yes
1187,24.0,女,城市,1187,4948.28,No
1190,25.0,女,农村,1190,4937.81,No
1192,39.0,女,城市,1192,6678.1,Yes
1194,16.0,女,城市,1194,5812.14,No
1196,21.0,女,农村,1196,2217.97,No
1197,33.0,女,城市,1197,5523.07,Yes
1203,36.0,女,城市,1203,2407.96,Yes
1204,27.0,女,城市,1204,2305.61,Yes
1206,29.0,女,城市,1206,3810.22,Yes
1207,19.0,女,城市,1207,628.77,No
1208,19.0,女,城市,1208,5044.9,No
1211,19.0,女,农村,1211,6122.82,No
1213,36.0,女,城市,1213,7267.7,Yes
1215,30.0,女,城市,1215,,Yes
1216,34.0,女,城市,1216,3085.74,Yes
1219,44.0,女,城市,1219,6994.99,Yes
1221,34.0,女,城市,1221,3447.43,Yes
1223,32.0,女,城市,1223,5553.94,Yes
1224,35.0,女,农村,1224,8474.69,Yes
1225,19.0,女,农村,1225,4518.55,Yes
1226,22.0,女,农村,1226,667.71,No
1227,15.0,女,农村,1227,3245.44,No
1229,32.0,女,农村,1229,4222.65,Yes
1230,17.0,女,农村,1230,,No
1231,45.0,女,农村,1231,5918.56,Yes
1232,16.0,女,城市,1232,2458.25,Yes
1234,44.0,女,农村,1234,5980.04,Yes
1236,41.0,女,城市,1236,2457.26,Yes
1238,40.0,女,农村,1238,2325.32,Yes
1239,33.0,女,城市,1239,5882.91,Yes
1240,24.0,女,城市,1240,7993.68,No
1241,37.0,女,城市,1241,5500.79,Yes
1242,15.0,女,农村,1242,3559.32,No
1247,36.0,女,农村,1247,7526.76,Yes
1249,29.0,女,农村,1249,5483.08,Yes
1251,42.0,女,农村,1251,6547.67,Yes
1252,30.0,女,农村,1252,5132.82,Yes
1253,31.0,女,农村,1253,4964.27,Yes
1255,28.0,女,城市,1255,2768.26,Yes
1256,26.0,女,城市,1256,6646.18,Yes
1259,21.0,女,城市,1259,35.17,No
1261,17.0,女,农村,1261,5670.64,Yes
1262,39.0,女,农村,1262,5613.06,Yes
1264,45.0,女,城市,1264,5621.9,No
1265,39.0,女,农村,1265,274.77,Yes
1267,39.0,女,农村,1267,2370.65,Yes
1268,45.0,女,城市,1268,4276.06,No
1270,42.0,女,农村,1270,3686.82,Yes
1273,22.0,女,农村,1273,,No
1275,32.0,女,农村,1275,5747.92,Yes
1276,15.0,女,农村,1276,5144.39,No
1280,45.0,女,农村,1280,7339.51,Yes
1282,44.0,女,农村,1282,2697.94,Yes
1284,26.0,女,城市,1284,1763.4,No
1285,44.0,女,城市,1285,10014.2,Yes
1287,19.0,女,农村,1287,8326.71,No
1288,17.0,女,农村,1288,3736.91,No
1290,18.0,女,农村,1290,5612.06,No
1291,37.0,女,城市,1291,5835.32,Yes
1292,28.0,女,农村,1292,5103.41,Yes
1294,45.0,女,城市,1294,4614.4,No
1295,31.0,女,农村,1295,3425.28,Yes
1299,39.0,女,城市,1299,4820.14,Yes
1300,16.0,女,城市,1300,6790.96,No
1301,24.0,女,城市,1301,4737.13,Yes
1303,34.0,女,城市,1303,2577.91,Yes
1304,32.0,女,农村,1304,5333.87,Yes
1305,32.0,女,农村,1305,4917.1,Yes
1306,35.0,女,城市,1306,4708.64,Yes
1307,32.0,女,城市,1307,7878.25,Yes
1308,18.0,女,农村,1308,2749.58,Yes
1310,16.0,女,农村,1310,7080.71,Yes
1312,42.0,女,城市,1312,4128.35,Yes
1313,18.0,女,城市,1313,9662.09,No
1314,17.0,女,农村,1314,3046.96,No
1317,17.0,女,城市,1317,3500.13,No
1319,32.0,女,农村,1319,4398.08,Yes
1320,34.0,女,农村,1320,4017.55,Yes
1322,21.0,女,农村,1322,1912.78,No
1323,22.0,女,农村,1323,5674.94,No
1324,34.0,女,农村,1324,3542.03,Yes
1325,41.0,女,农村,1325,6425.18,Yes
1327,44.0,女,农村,1327,5659.49,Yes
1329,23.0,女,城市,1329,1460.79,No
1330,16.0,女,农村,1330,5581.4,No
1331,44.0,女,城市,1331,5173.52,Yes
1332,41.0,女,城市,1332,1258.64,Yes
1341,39.0,女,城市,1341,4087.93,Yes
1342,41.0,女,农村,1342,7383.33,Yes
1345,18.0,女,城市,1345,7316.74,No
1346,32.0,女,农村,1346,8042.41,Yes
1347,37.0,女,农村,1347,4409.75,Yes
1350,42.0,女,城市,1350,2408.06,Yes
1353,23.0,女,农村,1353,4537.71,No
1354,43.0,女,城市,1354,4844.3,Yes
1356,17.0,女,农村,1356,3848.06,No
1363,17.0,女,城市,1363,4663.87,No
1364,20.0,女,城市,1364,5958.72,No
1368,18.0,女,农村,1368,6007.64,No
1370,31.0,女,城市,1370,2040.76,Yes
1372,24.0,女,城市,1372,7122.03,No
1373,19.0,女,城市,1373,6222.66,No
1376,16.0,女,城市,1376,2083.86,No
1377,32.0,女,城市,1377,5395.95,Yes
1378,37.0,女,农村,1378,5311.69,Yes
1379,28.0,女,城市,1379,2715.62,Yes
1381,22.0,女,农村,1381,6242.96,No
1382,26.0,女,城市,1382,7466.95,Yes
1384,40.0,女,农村,1384,4735.6,Yes
1385,21.0,女,城市,1385,5433.68,No
1387,22.0,女,农村,1387,2557.51,Yes
1389,25.0,女,农村,1389,6708.15,No
1390,37.0,女,农村,1390,2935.59,Yes
1391,39.0,女,城市,1391,2754.54,Yes
1392,28.0,女,城市,1392,5256.69,Yes
1394,38.0,女,农村,1394,4695.85,Yes
1396,26.0,女,城市,1396,7767.06,Yes
1397,35.0,女,城市,1397,1341.57,Yes
1398,33.0,女,农村,1398,7935.88,Yes
1399,23.0,女,城市,1399,2405.23,No
1401,35.0,女,农村,1401,3814.65,Yes
1402,35.0,女,农村,1402,7260.99,Yes
1404,19.0,女,农村,1404,3064.26,No
1406,21.0,女,城市,1406,3373.12,No
1407,22.0,女,城市,1407,6125.34,No
1408,44.0,女,农村,1408,4986.19,Yes
1409,40.0,女,城市,1409,4027.34,Yes
1411,33.0,女,农村,1411,6924.8,Yes
1412,16.0,女,城市,1412,3943.05,No
1413,25.0,女,城市,1413,7541.54,Yes
1416,37.0,女,农村,1416,8007.72,Yes
1418,35.0,女,城市,1418,7491.32,Yes
1420,18.0,女,农村,1420,5637.35,No
1421,31.0,女,城市,1421,3858.88,Yes
1425,37.0,女,农村,1425,7368.04,Yes
1427,33.0,女,农村,1427,6330.35,Yes
1428,22.0,女,城市,1428,5131.22,Yes
1429,25.0,女,城市,1429,6450.64,No
1432,16.0,女,城市,1432,1875.12,No
1433,28.0,女,城市,1433,2504.31,Yes
1435,16.0,女,农村,1435,2791.02,Yes
1437,41.0,女,农村,1437,2558.64,Yes
1439,25.0,女,农村,1439,4233.59,No
1440,37.0,女,城市,1440,3754.82,Yes
1441,33.0,女,农村,1441,7011.2,Yes
1442,35.0,女,农村,1442,6929.28,Yes
1443,30.0,女,农村,1443,10595.71,Yes
1444,21.0,女,农村,1444,5313.69,No
1449,30.0,女,农村,1449,4041.75,Yes
1450,31.0,女,农村,1450,2057.04,Yes
1451,31.0,女,农村,1451,5181.41,Yes
1455,35.0,女,农村,1455,117.96,Yes
1457,22.0,女,城市,1457,1828.67,No
1459,42.0,女,农村,1459,6451.93,Yes
1461,28.0,女,农村,1461,8949.67,Yes
1462,40.0,女,农村,1462,5492.08,Yes
1468,17.0,女,城市,1468,2148.64,Yes
1469,18.0,女,城市,1469,6325.64,No
1470,37.0,女,农村,1470,5103.41,Yes
1474,17.0,女,城市,1474,889.14,No
1477,38.0,女,农村,1477,5034.06,Yes
1478,23.0,女,农村,1478,4723.92,No
1482,44.0,女,农村,1482,5747.13,Yes
1483,18.0,女,城市,1483,663.77,No
1484,31.0,女,农村,1484,6915.92,Yes
1485,41.0,女,城市,1485,4112.74,Yes
1490,25.0,女,城市,1490,3527.11,No
1491,37.0,女,农村,1491,6448.75,Yes
1493,15.0,女,城市,1493,5302.83,No
1494,27.0,女,城市,1494,7273.3,No
1496,18.0,女,城市,1496,6983.1,No
1498,15.0,女,城市,1498,7772.38,Yes
1499,19.0,女,城市,1499,3342.07,Yes
1502,40.0,女,城市,1502,3514.45,Yes
1504,29.0,女,农村,1504,7968.91,Yes
1506,32.0,女,城市,1506,5672.01,Yes
1508,21.0,女,农村,1508,6870.96,No
1509,25.0,女,城市,1509,7070.61,Yes
1511,39.0,女,城市,1511,7628.76,Yes
1515,24.0,女,农村,1515,5340.98,No
1516,37.0,女,农村,1516,5313.99,Yes
1517,16.0,女,农村,1517,1213.01,No
1519,30.0,女,农村,1519,6715.01,Yes
1520,40.0,女,城市,1520,5806.98,Yes
1523,45.0,女,城市,1523,5748.36,Yes
1524,42.0,女,城市,1524,6330.11,Yes
1526,19.0,女,城市,1526,4318.46,No
1529,30.0,女,城市,1529,6583.75,Yes
1531,40.0,女,城市,1531,5901.19,Yes
1533,45.0,女,农村,1533,2497.1,Yes
1534,37.0,女,农村,1534,8846.61,Yes
1535,27.0,女,农村,1535,4577.95,Yes
1536,45.0,女,农村,1536,3751.78,No
1539,27.0,女,城市,1539,10571.99,No
1541,33.0,女,城市,1541,469.16,Yes
1542,34.0,女,城市,1542,4544.96,Yes
1543,36.0,女,城市,1543,7483.12,Yes
1544,39.0,女,农村,1544,4683.53,Yes
1546,24.0,女,农村,1546,2602.75,No
1547,22.0,女,农村,1547,7323.61,No
1548,22.0,女,农村,1548,6754.09,No
1550,44.0,女,农村,1550,5186.66,Yes
1552,36.0,女,农村,1552,3164.88,Yes
1553,37.0,女,农村,1553,5291.24,Yes
1554,27.0,女,农村,1554,6208.97,Yes
1555,19.0,女,农村,1555,4752.16,No
1557,31.0,女,农村,1557,4970.0,Yes
1562,21.0,女,城市,1562,1561.35,No
1565,22.0,女,城市,1565,2839.65,No
1568,33.0,女,城市,1568,4892.99,Yes
1569,26.0,女,城市,1569,2468.76,Yes
1572,34.0,女,城市,1572,5823.21,Yes
1574,33.0,女,农村,1574,4073.65,Yes
1575,28.0,女,农村,1575,7302.47,Yes
1576,15.0,女,城市,1576,5478.36,No
1577,22.0,女,农村,1577,2936.04,No
1578,16.0,女,农村,1578,9174.39,No
1579,25.0,女,城市,1579,5249.75,Yes
1580,45.0,女,农村,1580,6337.97,Yes
1581,32.0,女,农村,1581,233.68,Yes
1582,34.0,女,农村,1582,6174.98,Yes
1583,21.0,女,城市,1583,2799.68,No
1585,16.0,女,农村,1585,5878.77,No
1588,35.0,女,农村,1588,6566.72,Yes
1590,42.0,女,农村,1590,4493.03,Yes
1591,28.0,女,农村,1591,6730.02,Yes
1593,23.0,女,城市,1593,3972.81,No
1594,25.0,女,农村,1594,1478.98,No
1596,31.0,女,城市,1596,5077.21,Yes
1598,19.0,女,农村,1598,5485.3,No
1599,23.0,女,农村,1599,7789.94,Yes
1600,21.0,女,城市,1600,7092.41,No
1603,15.0,女,城市,1603,3191.87,Yes
1605,24.0,女,农村,1605,3670.46,No
1607,18.0,女,农村,1607,6148.54,Yes
1608,35.0,女,农村,1608,3443.96,Yes
1609,23.0,女,城市,1609,5817.06,No
1610,24.0,女,农村,1610,4576.35,No
1614,45.0,女,城市,1614,5388.69,Yes
1616,44.0,女,城市,1616,3021.42,Yes
1618,34.0,女,城市,1618,5687.57,Yes
1623,17.0,女,城市,1623,4645.71,No
1626,21.0,女,农村,1626,2235.35,Yes
1628,40.0,女,城市,1628,3881.73,Yes
1631,20.0,女,城市,1631,2785.98,No
1634,26.0,女,城市,1634,163.96,No
1635,32.0,女,城市,1635,3720.38,Yes
1636,39.0,女,城市,1636,3047.88,Yes
1637,24.0,女,城市,1637,3175.38,No
1638,31.0,女,城市,1638,3078.48,Yes
1639,39.0,女,城市,1639,6884.49,Yes
1640,42.0,女,城市,1640,5468.12,Yes
1641,43.0,女,农村,1641,994.2,Yes
1642,38.0,女,城市,1642,3121.38,Yes
1644,24.0,女,城市,1644,6786.03,No
1647,42.0,女,农村,1647,5734.25,Yes
1648,36.0,女,农村,1648,5893.33,Yes
1652,41.0,女,农村,1652,3863.85,Yes
1653,17.0,女,农村,1653,3423.72,Yes
1656,30.0,女,农村,1656,3924.8,Yes
1658,15.0,女,城市,1658,4672.6,No
1665,34.0,女,农村,1665,4864.27,Yes
1667,43.0,女,城市,1667,3307.44,Yes
1668,40.0,女,农村,1668,3835.21,Yes
1671,31.0,女,城市,1671,7401.2,Yes
1672,34.0,女,城市,1672,5281.41,Yes
1675,37.0,女,农村,1675,5294.44,Yes
1678,17.0,女,农村,1678,3582.36,No
1680,41.0,女,农村,1680,6005.11,Yes
1682,21.0,女,城市,1682,2298.0,Yes
1685,19.0,女,城市,1685,5145.77,Yes
1690,34.0,女,农村,1690,3656.84,Yes
1691,15.0,女,城市,1691,3527.09,No
1693,24.0,女,城市,1693,3145.87,No
1694,24.0,女,农村,1694,5476.51,Yes
1695,26.0,女,农村,1695,5438.28,No
1696,19.0,女,城市,1696,3120.11,Yes
1697,29.0,女,农村,1697,3901.34,Yes
1698,35.0,女,农村,1698,2528.21,Yes
1699,28.0,女,农村,1699,7180.55,Yes
1700,28.0,女,农村,1700,4446.01,Yes
1701,17.0,女,农村,1701,7283.18,No
1704,28.0,女,农村,1704,4091.42,Yes
1705,22.0,女,城市,1705,4875.46,Yes
1706,45.0,女,农村,1706,6938.51,No
1707,38.0,女,农村,1707,4038.19,Yes
1711,33.0,女,农村,1711,9542.02,Yes
1712,28.0,女,城市,1712,4513.86,Yes
1716,25.0,女,城市,1716,3445.54,No
1717,25.0,女,城市,1717,3172.22,No
1720,29.0,女,农村,1720,8540.88,Yes
1722,31.0,女,农村,1722,6474.0,Yes
1723,45.0,女,农村,1723,6551.7,No
1725,36.0,女,农村,1725,10537.27,Yes
1726,35.0,女,农村,1726,6239.86,Yes
1728,24.0,女,农村,1728,3801.49,No
1729,17.0,女,城市,1729,,Yes
1730,20.0,女,城市,1730,2568.98,Yes
1731,20.0,女,城市,1731,8949.97,Yes
1735,38.0,女,城市,1735,3455.88,Yes
1737,36.0,女,城市,1737,5975.38,Yes
1738,25.0,女,城市,1738,8481.48,Yes
1739,19.0,女,城市,1739,981.35,No
1742,36.0,女,城市,1742,7085.49,Yes
1744,32.0,女,城市,1744,3391.03,Yes
1745,19.0,女,农村,1745,6852.35,No
1746,18.0,女,农村,1746,4545.57,No
1748,21.0,女,城市,1748,3515.77,No
1749,35.0,女,城市,1749,1210.66,Yes
1750,35.0,女,城市,1750,4716.08,Yes
1751,38.0,女,城市,1751,4848.56,Yes
1752,37.0,女,农村,1752,5974.02,Yes
1753,44.0,女,城市,1753,3779.4,Yes
1754,36.0,女,城市,1754,5409.93,Yes
1755,28.0,女,农村,1755,8768.88,Yes
1756,21.0,女,农村,1756,6326.06,Yes
1757,19.0,女,农村,1757,4770.04,No
1758,19.0,女,农村,1758,6881.49,No
1761,43.0,女,城市,1761,6979.09,Yes
1762,27.0,女,农村,1762,4696.04,No
1766,28.0,女,农村,1766,6052.87,Yes
1767,20.0,女,城市,1767,3850.44,No
1771,45.0,女,农村,1771,5075.52,No
1775,42.0,女,农村,1775,7531.15,Yes
1776,19.0,女,城市,1776,1073.34,No
1777,34.0,女,农村,1777,3442.41,Yes
1778,26.0,女,农村,1778,5602.26,No
1779,28.0,女,农村,1779,6092.71,Yes
1780,33.0,女,农村,1780,4731.77,Yes
1781,16.0,女,农村,1781,4857.8,No
1782,27.0,女,城市,1782,8338.38,No
1783,39.0,女,农村,1783,7138.01,Yes
1785,40.0,女,城市,1785,5081.93,Yes
1787,21.0,女,农村,1787,5497.12,Yes
1788,24.0,女,农村,1788,4576.42,No
1789,36.0,女,城市,1789,3845.9,Yes
1790,37.0,女,农村,1790,4861.44,Yes
1791,32.0,女,城市,1791,1653.14,Yes
1792,24.0,女,城市,1792,3590.69,No
1795,27.0,女,农村,1795,5183.24,No
1796,15.0,女,农村,1796,2814.98,No
1798,23.0,女,农村,1798,4370.59,No
1800,21.0,女,农村,1800,774.17,Yes
1801,28.0,女,农村,1801,6065.53,Yes
1805,27.0,女,农村,1805,453.42,No
1808,34.0,女,城市,1808,56.92,Yes
1809,28.0,女,城市,1809,3007.59,Yes
1810,33.0,女,农村,1810,4205.3,Yes
1812,35.0,女,城市,1812,4022.44,Yes
1813,28.0,女,城市,1813,5144.23,Yes
1814,41.0,女,城市,1814,7626.32,Yes
1816,30.0,女,城市,1816,6485.46,Yes
1817,23.0,女,农村,1817,5391.2,Yes
1820,23.0,女,农村,1820,5056.9,No
1821,20.0,女,城市,1821,2823.63,No
1822,29.0,女,城市,1822,6577.28,Yes
1823,33.0,女,农村,1823,3001.13,Yes
1825,26.0,女,城市,1825,6870.79,No
1826,21.0,女,城市,1826,5464.77,Yes
1827,27.0,女,城市,1827,3055.57,No
1829,34.0,女,城市,1829,5197.12,Yes
1831,26.0,女,城市,1831,3788.4,No
1833,30.0,女,城市,1833,3093.7,Yes
1836,44.0,女,城市,1836,,Yes
1837,42.0,女,城市,1837,8649.66,Yes
1838,29.0,女,城市,1838,1175.16,Yes
1839,15.0,女,城市,1839,7825.19,No
1840,22.0,女,城市,1840,2881.26,No
1842,18.0,女,农村,1842,4462.33,No
1848,18.0,女,农村,1848,3870.86,No
1850,25.0,女,城市,1850,6151.61,No
1852,24.0,女,农村,1852,3099.8,No
1855,31.0,女,城市,1855,7636.91,Yes
1856,45.0,女,农村,1856,5178.27,No
1857,18.0,女,农村,1857,6937.93,No
1858,35.0,女,农村,1858,3530.83,Yes
1859,29.0,女,城市,1859,3302.44,Yes
1861,33.0,女,农村,1861,5910.04,Yes
1862,22.0,女,城市,1862,2358.67,No
1869,21.0,女,城市,1869,7583.03,No
1870,32.0,女,农村,1870,5762.86,Yes
1871,38.0,女,城市,1871,2667.09,Yes
1873,19.0,女,农村,1873,7924.61,No
1874,32.0,女,城市,1874,5733.05,Yes
1875,45.0,女,城市,1875,7961.73,No
1876,25.0,女,城市,1876,5245.12,No
1877,25.0,女,农村,1877,3570.68,No
1879,39.0,女,城市,1879,6623.29,Yes
1880,23.0,女,城市,1880,9250.98,No
1881,22.0,女,农村,1881,5978.97,No
1882,19.0,女,农村,1882,5883.47,No
1883,19.0,女,城市,1883,4803.85,No
1884,38.0,女,城市,1884,1061.1,Yes
1886,32.0,女,农村,1886,5023.15,Yes
1888,37.0,女,农村,1888,3543.47,Yes
1890,20.0,女,城市,1890,9235.71,No
1891,17.0,女,城市,1891,5437.51,No
1894,33.0,女,城市,1894,5953.92,Yes
1895,34.0,女,城市,1895,9822.85,Yes
1896,28.0,女,农村,1896,3555.28,Yes
1897,23.0,女,城市,1897,7901.46,Yes
1900,24.0,女,城市,1900,6646.04,No
1901,18.0,女,城市,1901,5080.12,No
1902,42.0,女,农村,1902,4812.01,Yes
1905,45.0,女,农村,1905,6130.02,No
1906,27.0,女,城市,1906,4796.19,No
1909,37.0,女,农村,1909,986.45,Yes
1913,34.0,女,农村,1913,7903.7,Yes
1919,42.0,女,城市,1919,,Yes
1920,37.0,女,城市,1920,6940.46,Yes
1921,36.0,女,农村,1921,3011.64,Yes
1922,38.0,女,农村,1922,4405.67,Yes
1923,22.0,女,城市,1923,4371.12,No
1924,34.0,女,农村,1924,4852.44,Yes
1926,36.0,女,农村,1926,4749.4,Yes
1928,45.0,女,城市,1928,1904.9,No
1929,15.0,女,城市,1929,3449.69,No
1930,19.0,女,城市,1930,5103.28,No
1931,38.0,女,农村,1931,3158.63,Yes
1932,26.0,女,农村,1932,4950.07,No
1933,38.0,女,城市,1933,7297.91,Yes
1934,30.0,女,农村,1934,5602.02,Yes
1935,27.0,女,农村,1935,6193.74,No
1936,19.0,女,农村,1936,4681.08,No
1937,44.0,女,农村,1937,1971.02,Yes
1938,27.0,女,城市,1938,7117.41,No
1940,28.0,女,农村,1940,4029.43,Yes
1942,43.0,女,农村,1942,1811.0,Yes
1943,35.0,女,城市,1943,4766.84,Yes
1947,24.0,女,城市,1947,4102.43,No
1949,17.0,女,城市,1949,6777.38,Yes
1950,38.0,女,农村,1950,3679.49,Yes
1960,19.0,女,农村,1960,4992.19,No
1963,23.0,女,城市,1963,6635.72,No
1964,45.0,女,农村,1964,5490.76,No
1966,33.0,女,城市,1966,3957.46,Yes
1967,44.0,女,农村,1967,7130.93,Yes
1970,15.0,女,农村,1970,3986.45,No
1974,27.0,女,农村,1974,4343.04,No
1977,31.0,女,农村,1977,6686.15,Yes
1979,22.0,女,城市,1979,5427.92,No
1980,18.0,女,农村,1980,6773.56,No
1981,27.0,女,城市,1981,6083.34,No
1987,30.0,女,农村,1987,7573.38,Yes
1991,33.0,女,城市,1991,7029.66,Yes
1992,25.0,女,城市,1992,5192.13,No
1995,42.0,女,城市,1995,6450.35,Yes
1997,43.0,女,农村,1997,2715.6,Yes
1999,24.0,女,农村,1999,3401.28,No
2001,21.0,女,农村,2001,3670.35,No
2002,30.0,女,城市,2002,2733.52,Yes
2003,16.0,女,城市,2003,3568.76,No
2004,15.0,女,农村,2004,1548.12,No
2006,24.0,女,城市,2006,5982.19,No
2007,44.0,女,农村,2007,6638.98,Yes
2008,43.0,女,农村,2008,6350.62,Yes
2009,24.0,女,城市,2009,5917.62,Yes
2011,36.0,女,城市,2011,5836.88,Yes
2015,19.0,女,农村,2015,10040.43,No
2017,32.0,女,农村,2017,6712.73,Yes
2018,45.0,女,农村,2018,9469.4,No
2021,45.0,女,农村,2021,2059.79,No
2022,34.0,女,农村,2022,8284.32,Yes
2026,18.0,女,农村,2026,8232.89,No
2027,36.0,女,城市,2027,2468.61,Yes
2028,44.0,女,农村,2028,4188.57,Yes
2031,41.0,女,城市,2031,3659.66,Yes
2033,26.0,女,城市,2033,7194.49,Yes
2037,38.0,女,城市,2037,1371.91,Yes
2039,21.0,女,城市,2039,4388.37,No
2040,23.0,女,农村,2040,4204.73,No
2044,23.0,女,城市,2044,5765.11,Yes
2046,22.0,女,城市,2046,4726.01,No
2047,26.0,女,农村,2047,7268.46,No
2048,19.0,女,城市,2048,1249.85,No
2049,26.0,女,城市,2049,4095.33,Yes
2050,27.0,女,农村,2050,2284.02,No
2052,21.0,女,农村,2052,2723.24,No
2060,21.0,女,城市,2060,5977.26,No
2064,15.0,女,城市,2064,3556.27,No
2066,29.0,女,城市,2066,4511.75,Yes
2067,16.0,女,城市,2067,6267.77,No
2069,17.0,女,农村,2069,2579.28,No
2070,30.0,女,城市,2070,6769.7,Yes
2072,17.0,女,农村,2072,3905.41,No
2073,35.0,女,农村,2073,1605.22,Yes
2074,23.0,女,城市,2074,7250.99,No
2075,45.0,女,城市,2075,3230.71,No
2080,34.0,女,农村,2080,4055.34,Yes
2081,25.0,女,城市,2081,4291.76,No
2084,35.0,女,农村,2084,5394.1,Yes
2085,22.0,女,农村,2085,3242.42,No
2087,20.0,女,城市,2087,7013.68,No
2088,40.0,女,城市,2088,5579.72,Yes
2091,23.0,女,城市,2091,7421.91,No
2093,43.0,女,城市,2093,97.93,Yes
2095,29.0,女,农村,2095,5940.87,Yes
2097,35.0,女,城市,2097,8911.85,Yes
2098,19.0,女,农村,2098,2932.87,No
2099,45.0,女,农村,2099,3040.35,Yes
2100,25.0,女,城市,2100,4879.04,No
2101,37.0,女,农村,2101,3397.92,Yes
2103,33.0,女,城市,2103,5547.08,Yes
2106,26.0,女,城市,2106,6640.94,Yes
2110,27.0,女,城市,2110,5367.91,No
2111,27.0,女,农村,2111,3183.27,No
2114,37.0,女,,2114,4292.02,Yes
2116,21.0,女,农村,2116,4498.58,No
2117,17.0,女,城市,2117,2369.78,No
2120,45.0,女,城市,2120,7027.43,No
2121,32.0,女,农村,2121,3689.93,Yes
2124,28.0,女,城市,2124,3234.97,Yes
2127,17.0,女,,2127,,No
2131,38.0,女,城市,2131,1917.81,Yes
2132,40.0,女,城市,2132,5266.27,Yes
2135,29.0,女,,2135,5998.95,Yes
2136,20.0,女,城市,2136,5163.51,No
2138,37.0,女,城市,2138,4530.07,Yes
2139,17.0,女,农村,2139,2492.76,No
2141,22.0,女,农村,2141,6431.33,No
2142,37.0,女,,2142,6218.89,Yes
2143,30.0,女,城市,2143,3654.59,Yes
2144,26.0,女,城市,2144,3187.97,No
2147,44.0,女,农村,2147,6972.65,Yes
2148,33.0,女,城市,2148,7308.14,Yes
2151,31.0,女,城市,2151,8301.41,Yes
2154,21.0,女,城市,2154,4899.87,No
2155,18.0,女,城市,2155,4239.08,No
2158,29.0,女,农村,2158,8351.25,Yes
2160,15.0,女,农村,2160,5497.49,No
2165,31.0,女,,2165,4536.71,Yes
2168,18.0,女,城市,2168,7072.01,No
2170,39.0,女,城市,2170,4373.94,Yes
2172,26.0,女,农村,2172,6476.8,No
2174,18.0,女,农村,2174,3912.25,Yes
